,TrackID,Position,TrackName,Artist,Streams,URL,Appears,Rank,SongIDs,Danceability,Energy,Acousticness,Analysis_URL,Duration_MS,Spotify_Song_ID,Instrumentalness,Key,Liveness,Loudness,Mode,Speechiness,Tempo,Time_Signature,Track_Href,Search_Type,URI,Valence,Artist_Genres
29,0,30,Cramé,Koba LaD,127503,https://open.spotify.com/track/0XUkVNGuNPWTydXoauCs1J,8,1,0XUkVNGuNPWTydXoauCs1J,0.464,0.578,0.287,https://api.spotify.com/v1/audio-analysis/0XUkVNGuNPWTydXoauCs1J,185387,0XUkVNGuNPWTydXoauCs1J,0.0,5,0.0857,-7.586,0,0.21,92.725,3,https://api.spotify.com/v1/tracks/0XUkVNGuNPWTydXoauCs1J,audio_features,spotify:track:0XUkVNGuNPWTydXoauCs1J,0.688,"['french hip hop', 'pop urbaine', 'rap francais']"
44,1,45,Daddy chocolat,Koba LaD,103294,https://open.spotify.com/track/4IbDTrLxImTJfZePAX2nKB,8,2,4IbDTrLxImTJfZePAX2nKB,0.721,0.523,0.0693,https://api.spotify.com/v1/audio-analysis/4IbDTrLxImTJfZePAX2nKB,191985,4IbDTrLxImTJfZePAX2nKB,0.0,7,0.281,-8.399,1,0.147,141.034,4,https://api.spotify.com/v1/tracks/4IbDTrLxImTJfZePAX2nKB,audio_features,spotify:track:4IbDTrLxImTJfZePAX2nKB,0.757,"['french hip hop', 'pop urbaine', 'rap francais']"
17,2,18,Alors la zone,Jul,153623,https://open.spotify.com/track/3JuVcIgT9s0uvbmuQCyClB,7,3,3JuVcIgT9s0uvbmuQCyClB,0.85,0.809,0.324,https://api.spotify.com/v1/audio-analysis/3JuVcIgT9s0uvbmuQCyClB,206027,3JuVcIgT9s0uvbmuQCyClB,0.0,0,0.17,-5.857,0,0.135,124.982,4,https://api.spotify.com/v1/tracks/3JuVcIgT9s0uvbmuQCyClB,audio_features,spotify:track:3JuVcIgT9s0uvbmuQCyClB,0.708,"['alt z', 'dance pop', 'electropop', 'pop', 'post-teen pop']"
0,3,1,Petrouchka (feat. PLK),Soso Maness,761359,https://open.spotify.com/track/03y045SZqaC94yfXl1cU4E,5,4,03y045SZqaC94yfXl1cU4E,0.624,0.802,0.0597,https://api.spotify.com/v1/audio-analysis/03y045SZqaC94yfXl1cU4E,189933,03y045SZqaC94yfXl1cU4E,0.0,6,0.252,-4.818,1,0.311,133.888,4,https://api.spotify.com/v1/tracks/03y045SZqaC94yfXl1cU4E,audio_features,spotify:track:03y045SZqaC94yfXl1cU4E,0.818,"['french hip hop', 'pop urbaine', 'rap francais', 'rap marseille']"
27,4,28,Sapapaya,L'Algérino,128672,https://open.spotify.com/track/7A2HuM1W75PnQwUS6kahLA,5,5,7A2HuM1W75PnQwUS6kahLA,0.697,0.688,0.187,https://api.spotify.com/v1/audio-analysis/7A2HuM1W75PnQwUS6kahLA,215187,7A2HuM1W75PnQwUS6kahLA,0.0,6,0.0869,-5.777,0,0.351,113.33,4,https://api.spotify.com/v1/tracks/7A2HuM1W75PnQwUS6kahLA,audio_features,spotify:track:7A2HuM1W75PnQwUS6kahLA,0.645,"['francoton', 'french hip hop', 'pop urbaine', 'rap algerien', 'rap marseille']"
1,5,2,La kiffance,Naps,501737,https://open.spotify.com/track/1bwhDrXcAtqePp8mNJ0pTe,4,6,1bwhDrXcAtqePp8mNJ0pTe,0.805,0.637,0.228,https://api.spotify.com/v1/audio-analysis/1bwhDrXcAtqePp8mNJ0pTe,179427,1bwhDrXcAtqePp8mNJ0pTe,0.0,6,0.071,-6.515,1,0.0869,140.045,4,https://api.spotify.com/v1/tracks/1bwhDrXcAtqePp8mNJ0pTe,audio_features,spotify:track:1bwhDrXcAtqePp8mNJ0pTe,0.678,"['francoton', 'french hip hop', 'pop urbaine', 'rap francais', 'rap marseille']"
15,6,16,La danse des bandits,Naps,155640,https://open.spotify.com/track/3bGGvbwbhq9kIMhHaXBdYL,4,7,3bGGvbwbhq9kIMhHaXBdYL,0.83,0.676,0.185,https://api.spotify.com/v1/audio-analysis/3bGGvbwbhq9kIMhHaXBdYL,174053,3bGGvbwbhq9kIMhHaXBdYL,1.28e-05,0,0.105,-5.275,0,0.0681,135.023,4,https://api.spotify.com/v1/tracks/3bGGvbwbhq9kIMhHaXBdYL,audio_features,spotify:track:3bGGvbwbhq9kIMhHaXBdYL,0.576,"['francoton', 'french hip hop', 'pop urbaine', 'rap francais', 'rap marseille']"
22,7,23,Σ. MOROSE,Damso,139473,https://open.spotify.com/track/0fukO3WYYUHaXOrvEohpEG,4,8,0fukO3WYYUHaXOrvEohpEG,0.721,0.588,0.37,https://api.spotify.com/v1/audio-analysis/0fukO3WYYUHaXOrvEohpEG,263577,0fukO3WYYUHaXOrvEohpEG,0.00208,4,0.1,-7.801,0,0.0501,150.031,4,https://api.spotify.com/v1/tracks/0fukO3WYYUHaXOrvEohpEG,audio_features,spotify:track:0fukO3WYYUHaXOrvEohpEG,0.276,"['belgian hip hop', 'french hip hop', 'pop urbaine', 'rap belge', 'rap conscient']"
3,8,4,Bobo,Aya Nakamura,286011,https://open.spotify.com/track/6wL9pSXJ4roDSEoBpYyQy7,3,9,6wL9pSXJ4roDSEoBpYyQy7,0.877,0.356,0.248,https://api.spotify.com/v1/audio-analysis/6wL9pSXJ4roDSEoBpYyQy7,187873,6wL9pSXJ4roDSEoBpYyQy7,0.000274,9,0.2,-8.749,0,0.188,109.932,5,https://api.spotify.com/v1/tracks/6wL9pSXJ4roDSEoBpYyQy7,audio_features,spotify:track:6wL9pSXJ4roDSEoBpYyQy7,0.536,"['basshall', 'francoton']"
21,9,22,Mode Akimbo (feat. Jul),SCH,141213,https://open.spotify.com/track/7qezIDRM0E3WTW1lWxItug,3,10,7qezIDRM0E3WTW1lWxItug,0.875,0.848,0.0717,https://api.spotify.com/v1/audio-analysis/7qezIDRM0E3WTW1lWxItug,217107,7qezIDRM0E3WTW1lWxItug,0.000613,11,0.0828,-5.859,0,0.158,122.983,4,https://api.spotify.com/v1/tracks/7qezIDRM0E3WTW1lWxItug,audio_features,spotify:track:7qezIDRM0E3WTW1lWxItug,0.577,"['gangster rap', 'hip hop', 'pop rap', 'rap', 'southern hip hop', 'trap', 'underground hip hop']"
31,10,32,Mona Lisa,Booba,126143,https://open.spotify.com/track/5LYRIyhmlrDAQsYdHEvP0f,3,11,5LYRIyhmlrDAQsYdHEvP0f,0.784,0.529,0.683,https://api.spotify.com/v1/audio-analysis/5LYRIyhmlrDAQsYdHEvP0f,187362,5LYRIyhmlrDAQsYdHEvP0f,0.0,11,0.118,-7.681,0,0.0742,134.041,4,https://api.spotify.com/v1/tracks/5LYRIyhmlrDAQsYdHEvP0f,audio_features,spotify:track:5LYRIyhmlrDAQsYdHEvP0f,0.246,"['french hip hop', 'old school rap francais', 'pop urbaine', 'rap conscient']"
35,11,36,Levitating (feat. DaBaby),Dua Lipa,118957,https://open.spotify.com/track/5nujrmhLynf4yMoMtj8AQF,3,12,5nujrmhLynf4yMoMtj8AQF,0.702,0.825,0.00883,https://api.spotify.com/v1/audio-analysis/5nujrmhLynf4yMoMtj8AQF,203064,5nujrmhLynf4yMoMtj8AQF,0.0,6,0.0674,-3.787,0,0.0601,102.977,4,https://api.spotify.com/v1/tracks/5nujrmhLynf4yMoMtj8AQF,audio_features,spotify:track:5nujrmhLynf4yMoMtj8AQF,0.915,"['dance pop', 'pop', 'uk pop']"
37,12,38,Save Your Tears (with Ariana Grande) (Remix),The Weeknd,118365,https://open.spotify.com/track/37BZB0z9T8Xu7U3e65qxFy,3,13,37BZB0z9T8Xu7U3e65qxFy,0.65,0.825,0.0215,https://api.spotify.com/v1/audio-analysis/37BZB0z9T8Xu7U3e65qxFy,191014,37BZB0z9T8Xu7U3e65qxFy,2.44e-05,0,0.0936,-4.645,1,0.0325,118.091,4,https://api.spotify.com/v1/tracks/37BZB0z9T8Xu7U3e65qxFy,audio_features,spotify:track:37BZB0z9T8Xu7U3e65qxFy,0.593,"['canadian contemporary r&b', 'canadian pop', 'pop']"
43,13,44,Love Again,Dua Lipa,104487,https://open.spotify.com/track/4rPkN1FMzQyFNP9cLUGIIB,3,14,4rPkN1FMzQyFNP9cLUGIIB,0.659,0.667,0.00173,https://api.spotify.com/v1/audio-analysis/4rPkN1FMzQyFNP9cLUGIIB,258004,4rPkN1FMzQyFNP9cLUGIIB,2.85e-05,11,0.1,-4.668,0,0.0339,115.982,4,https://api.spotify.com/v1/tracks/4rPkN1FMzQyFNP9cLUGIIB,audio_features,spotify:track:4rPkN1FMzQyFNP9cLUGIIB,0.468,"['dance pop', 'pop', 'uk pop']"
2,14,3,La Seleçao,Alonzo,299585,https://open.spotify.com/track/2vd2HEhrkafOi2uveHjzzh,2,15,2vd2HEhrkafOi2uveHjzzh,0.825,0.878,0.128,https://api.spotify.com/v1/audio-analysis/2vd2HEhrkafOi2uveHjzzh,197520,2vd2HEhrkafOi2uveHjzzh,8.94e-05,9,0.0963,-5.485,0,0.186,126.994,4,https://api.spotify.com/v1/tracks/2vd2HEhrkafOi2uveHjzzh,audio_features,spotify:track:2vd2HEhrkafOi2uveHjzzh,0.847,"['francoton', 'french hip hop', 'pop urbaine', 'rap francais', 'rap marseille']"
4,15,5,MONTERO (Call Me By Your Name),Lil Nas X,282313,https://open.spotify.com/track/67BtfxlNbhBmCDR2L2l8qd,2,16,67BtfxlNbhBmCDR2L2l8qd,0.61,0.508,0.297,https://api.spotify.com/v1/audio-analysis/67BtfxlNbhBmCDR2L2l8qd,137876,67BtfxlNbhBmCDR2L2l8qd,0.0,8,0.384,-6.682,0,0.152,178.818,4,https://api.spotify.com/v1/tracks/67BtfxlNbhBmCDR2L2l8qd,audio_features,spotify:track:67BtfxlNbhBmCDR2L2l8qd,0.758,"['lgbtq+ hip hop', 'pop rap']"
6,16,7,Bimbo,Marwa Loud,274445,https://open.spotify.com/track/3ieLcaMIyl1Avm7JtHSk0d,2,17,3ieLcaMIyl1Avm7JtHSk0d,0.976,0.578,0.0939,https://api.spotify.com/v1/audio-analysis/3ieLcaMIyl1Avm7JtHSk0d,163520,3ieLcaMIyl1Avm7JtHSk0d,0.0,2,0.119,-5.892,1,0.115,113.03,4,https://api.spotify.com/v1/tracks/3ieLcaMIyl1Avm7JtHSk0d,audio_features,spotify:track:3ieLcaMIyl1Avm7JtHSk0d,0.803,"['francoton', 'french pop', 'pop urbaine']"
8,17,9,HAINE&SEX,Gazo,217751,https://open.spotify.com/track/6Vcxzw4ifKqYxVrp3ckpVF,2,18,6Vcxzw4ifKqYxVrp3ckpVF,0.774,0.583,0.422,https://api.spotify.com/v1/audio-analysis/6Vcxzw4ifKqYxVrp3ckpVF,201427,6Vcxzw4ifKqYxVrp3ckpVF,1.55e-05,0,0.145,-8.649,1,0.169,148.018,4,https://api.spotify.com/v1/tracks/6Vcxzw4ifKqYxVrp3ckpVF,audio_features,spotify:track:6Vcxzw4ifKqYxVrp3ckpVF,0.323,"['drill francais', 'french hip hop', 'pop urbaine', 'rap francais']"
18,18,19,Mon poto - Extrait de la BO de « En Passant Pécho »,Kore,148394,https://open.spotify.com/track/5qFOdxS3v8Dny9T4p2CUIy,2,19,5qFOdxS3v8Dny9T4p2CUIy,0.743,0.622,0.904,https://api.spotify.com/v1/audio-analysis/5qFOdxS3v8Dny9T4p2CUIy,183133,5qFOdxS3v8Dny9T4p2CUIy,1.66e-05,4,0.143,-5.332,0,0.136,140.054,4,https://api.spotify.com/v1/tracks/5qFOdxS3v8Dny9T4p2CUIy,audio_features,spotify:track:5qFOdxS3v8Dny9T4p2CUIy,0.317,"['afro dancehall', 'afropop', 'azontobeats', 'nigerian hip hop', 'nigerian pop']"
36,19,37,Wasted Love (feat. Lagique),Ofenbach,118708,https://open.spotify.com/track/2pPO9YecZimmuVQfIzfV6U,2,20,2pPO9YecZimmuVQfIzfV6U,0.734,0.855,0.0821,https://api.spotify.com/v1/audio-analysis/2pPO9YecZimmuVQfIzfV6U,139563,2pPO9YecZimmuVQfIzfV6U,4.73e-06,6,0.0901,-4.578,0,0.135,121.955,4,https://api.spotify.com/v1/tracks/2pPO9YecZimmuVQfIzfV6U,audio_features,spotify:track:2pPO9YecZimmuVQfIzfV6U,0.54,"['edm', 'pop', 'pop dance', 'tropical house']"
38,20,39,Beggin',Måneskin,115889,https://open.spotify.com/track/3Wrjm47oTz2sjIgck11l5e,2,21,3Wrjm47oTz2sjIgck11l5e,0.714,0.8,0.127,https://api.spotify.com/v1/audio-analysis/3Wrjm47oTz2sjIgck11l5e,211560,3Wrjm47oTz2sjIgck11l5e,0.0,11,0.359,-4.808,0,0.0504,134.002,4,https://api.spotify.com/v1/tracks/3Wrjm47oTz2sjIgck11l5e,audio_features,spotify:track:3Wrjm47oTz2sjIgck11l5e,0.589,"['indie rock italiano', 'italian pop']"
5,21,6,Afro Trap Part. 11 (King Kong),MHD,279826,https://open.spotify.com/track/62nJqZs3Qs7DGUto35dVUv,1,22,62nJqZs3Qs7DGUto35dVUv,0.92,0.864,0.0616,https://api.spotify.com/v1/audio-analysis/62nJqZs3Qs7DGUto35dVUv,154253,62nJqZs3Qs7DGUto35dVUv,0.0,7,0.0944,-3.783,1,0.287,123.986,4,https://api.spotify.com/v1/tracks/62nJqZs3Qs7DGUto35dVUv,audio_features,spotify:track:62nJqZs3Qs7DGUto35dVUv,0.666,"['francoton', 'french hip hop', 'pop urbaine']"
7,22,8,Millions,No Limit,240192,https://open.spotify.com/track/70jyIxNr3R5k3bofVYX9GS,1,23,70jyIxNr3R5k3bofVYX9GS,0.755,0.497,0.482,https://api.spotify.com/v1/audio-analysis/70jyIxNr3R5k3bofVYX9GS,197773,70jyIxNr3R5k3bofVYX9GS,0.0,9,0.0796,-8.838,0,0.359,141.126,4,https://api.spotify.com/v1/tracks/70jyIxNr3R5k3bofVYX9GS,audio_features,spotify:track:70jyIxNr3R5k3bofVYX9GS,0.481,[]
9,23,10,A Un Paso De La Luna - Remix,Reik,193925,https://open.spotify.com/track/6EQR7Y5vVZFiPD0RUECIDv,1,24,6EQR7Y5vVZFiPD0RUECIDv,0.791,0.915,0.0622,https://api.spotify.com/v1/audio-analysis/6EQR7Y5vVZFiPD0RUECIDv,194262,6EQR7Y5vVZFiPD0RUECIDv,0.0,10,0.244,-2.48,1,0.0809,121.948,4,https://api.spotify.com/v1/tracks/6EQR7Y5vVZFiPD0RUECIDv,audio_features,spotify:track:6EQR7Y5vVZFiPD0RUECIDv,0.732,"['latin', 'latin arena pop', 'latin pop', 'mexican pop']"
10,24,11,Vroum Vroum,Moha K,192265,https://open.spotify.com/track/1TmuaS1lnCUf7yCLk2hwDT,1,25,1TmuaS1lnCUf7yCLk2hwDT,0.786,0.654,0.471,https://api.spotify.com/v1/audio-analysis/1TmuaS1lnCUf7yCLk2hwDT,186987,1TmuaS1lnCUf7yCLk2hwDT,1.55e-06,11,0.125,-5.082,0,0.0379,116.952,4,https://api.spotify.com/v1/tracks/1TmuaS1lnCUf7yCLk2hwDT,audio_features,spotify:track:1TmuaS1lnCUf7yCLk2hwDT,0.574,"['francoton', 'pop urbaine']"
11,25,12,Iko Iko (My Bestie),Justin Wellington,189585,https://open.spotify.com/track/7MC4XR9M9amdmKQr2iDF7i,1,26,7MC4XR9M9amdmKQr2iDF7i,0.862,0.753,0.131,https://api.spotify.com/v1/audio-analysis/7MC4XR9M9amdmKQr2iDF7i,182857,7MC4XR9M9amdmKQr2iDF7i,2.01e-06,5,0.077,-5.356,1,0.0625,105.039,4,https://api.spotify.com/v1/tracks/7MC4XR9M9amdmKQr2iDF7i,audio_features,spotify:track:7MC4XR9M9amdmKQr2iDF7i,0.827,"['melanesian pop', 'pacific islands pop', 'png pop']"
12,26,13,Le temps,Tayc,179248,https://open.spotify.com/track/360oH1CqXe9XXzbbi6hvyr,1,27,360oH1CqXe9XXzbbi6hvyr,0.594,0.597,0.105,https://api.spotify.com/v1/audio-analysis/360oH1CqXe9XXzbbi6hvyr,197241,360oH1CqXe9XXzbbi6hvyr,0.000103,6,0.0748,-6.084,1,0.165,201.906,4,https://api.spotify.com/v1/tracks/360oH1CqXe9XXzbbi6hvyr,audio_features,spotify:track:360oH1CqXe9XXzbbi6hvyr,0.639,"['francoton', 'pop urbaine']"
13,27,14,Calabria (feat. Lujavo & Nito-Onna),DMNDS,171267,https://open.spotify.com/track/3M89zvwwb1jtDUDKYNsdiA,1,28,3M89zvwwb1jtDUDKYNsdiA,0.727,0.904,0.0153,https://api.spotify.com/v1/audio-analysis/3M89zvwwb1jtDUDKYNsdiA,128500,3M89zvwwb1jtDUDKYNsdiA,0.55,10,0.0963,-3.408,0,0.064,124.02,4,https://api.spotify.com/v1/tracks/3M89zvwwb1jtDUDKYNsdiA,audio_features,spotify:track:3M89zvwwb1jtDUDKYNsdiA,0.372,[]
14,28,15,Bande organisée,13 Organisé,163395,https://open.spotify.com/track/717QGTmZdkemDaCo1vQHG0,1,29,717QGTmZdkemDaCo1vQHG0,0.901,0.939,0.117,https://api.spotify.com/v1/audio-analysis/717QGTmZdkemDaCo1vQHG0,356347,717QGTmZdkemDaCo1vQHG0,0.0,6,0.0643,-2.762,1,0.274,142.948,4,https://api.spotify.com/v1/tracks/717QGTmZdkemDaCo1vQHG0,audio_features,spotify:track:717QGTmZdkemDaCo1vQHG0,0.805,"['french hip hop', 'pop urbaine', 'rap francais']"
16,29,17,Friday (feat. Mufasa & Hypeman) - Dopamine Re-Edit,Riton,154449,https://open.spotify.com/track/4cG7HUWYHBV6R6tHn1gxrl,1,30,4cG7HUWYHBV6R6tHn1gxrl,0.824,0.862,0.0076,https://api.spotify.com/v1/audio-analysis/4cG7HUWYHBV6R6tHn1gxrl,169153,4cG7HUWYHBV6R6tHn1gxrl,0.000132,2,0.303,-3.424,1,0.126,122.98,4,https://api.spotify.com/v1/tracks/4cG7HUWYHBV6R6tHn1gxrl,audio_features,spotify:track:4cG7HUWYHBV6R6tHn1gxrl,0.801,"['dance pop', 'house', 'pop dance', 'tropical house', 'uk dance']"
19,30,20,Jolie madame (feat. Ronisia),Joé Dwèt Filé,147331,https://open.spotify.com/track/6gblTHN7eKFPvm4XxnYhl8,1,31,6gblTHN7eKFPvm4XxnYhl8,0.756,0.563,0.276,https://api.spotify.com/v1/audio-analysis/6gblTHN7eKFPvm4XxnYhl8,184067,6gblTHN7eKFPvm4XxnYhl8,1.02e-06,1,0.138,-6.44,1,0.0826,159.985,4,https://api.spotify.com/v1/tracks/6gblTHN7eKFPvm4XxnYhl8,audio_features,spotify:track:6gblTHN7eKFPvm4XxnYhl8,0.88,"['francoton', 'pop urbaine']"
20,31,21,Peaches (feat. Daniel Caesar & Giveon),Justin Bieber,146436,https://open.spotify.com/track/4iJyoBOLtHqaGxP12qzhQI,1,32,4iJyoBOLtHqaGxP12qzhQI,0.677,0.696,0.321,https://api.spotify.com/v1/audio-analysis/4iJyoBOLtHqaGxP12qzhQI,198082,4iJyoBOLtHqaGxP12qzhQI,0.0,0,0.42,-6.181,1,0.119,90.03,4,https://api.spotify.com/v1/tracks/4iJyoBOLtHqaGxP12qzhQI,audio_features,spotify:track:4iJyoBOLtHqaGxP12qzhQI,0.464,"['canadian pop', 'pop', 'post-teen pop']"
23,32,24,Kiss Me More (feat. SZA),Doja Cat,138902,https://open.spotify.com/track/748mdHapucXQri7IAO8yFK,1,33,748mdHapucXQri7IAO8yFK,0.762,0.701,0.235,https://api.spotify.com/v1/audio-analysis/748mdHapucXQri7IAO8yFK,208867,748mdHapucXQri7IAO8yFK,0.000158,8,0.123,-3.541,1,0.0286,110.968,4,https://api.spotify.com/v1/tracks/748mdHapucXQri7IAO8yFK,audio_features,spotify:track:748mdHapucXQri7IAO8yFK,0.742,"['dance pop', 'pop', 'pop rap']"
24,33,25,Beautiful Mistakes (feat. Megan Thee Stallion),Maroon 5,136545,https://open.spotify.com/track/5zFglKYiknIxks8geR8rcL,1,34,5zFglKYiknIxks8geR8rcL,0.713,0.676,0.0377,https://api.spotify.com/v1/audio-analysis/5zFglKYiknIxks8geR8rcL,227395,5zFglKYiknIxks8geR8rcL,0.0,10,0.154,-5.483,1,0.027,99.048,4,https://api.spotify.com/v1/tracks/5zFglKYiknIxks8geR8rcL,audio_features,spotify:track:5zFglKYiknIxks8geR8rcL,0.721,"['pop', 'pop rock']"
25,34,26,Dancing On Dangerous (feat. Sofía Reyes),Imanbek,132803,https://open.spotify.com/track/6OYZvwKN8GaauTrJS1TuuH,1,35,6OYZvwKN8GaauTrJS1TuuH,0.659,0.86,0.226,https://api.spotify.com/v1/audio-analysis/6OYZvwKN8GaauTrJS1TuuH,124065,6OYZvwKN8GaauTrJS1TuuH,3.32e-06,1,0.0902,-2.927,0,0.0507,105.063,4,https://api.spotify.com/v1/tracks/6OYZvwKN8GaauTrJS1TuuH,audio_features,spotify:track:6OYZvwKN8GaauTrJS1TuuH,0.711,"['dance pop', 'edm', 'electro house', 'pop dance', 'slap house', 'tropical house']"
26,35,27,Dinero,Trinidad Cardona,129196,https://open.spotify.com/track/3ggtU1ZOKO8ZNiqPNyXGcm,1,36,3ggtU1ZOKO8ZNiqPNyXGcm,0.708,0.782,0.00772,https://api.spotify.com/v1/audio-analysis/3ggtU1ZOKO8ZNiqPNyXGcm,160880,3ggtU1ZOKO8ZNiqPNyXGcm,0.0,2,0.107,-4.687,1,0.0674,119.997,4,https://api.spotify.com/v1/tracks/3ggtU1ZOKO8ZNiqPNyXGcm,audio_features,spotify:track:3ggtU1ZOKO8ZNiqPNyXGcm,0.484,[]
28,36,29,Never Going Home,Kungs,127622,https://open.spotify.com/track/0xfMlIW8lS40qvpsUw1l0X,1,37,0xfMlIW8lS40qvpsUw1l0X,0.836,0.846,0.0907,https://api.spotify.com/v1/audio-analysis/0xfMlIW8lS40qvpsUw1l0X,169945,0xfMlIW8lS40qvpsUw1l0X,0.047,0,0.057,-4.673,1,0.0392,122.042,4,https://api.spotify.com/v1/tracks/0xfMlIW8lS40qvpsUw1l0X,audio_features,spotify:track:0xfMlIW8lS40qvpsUw1l0X,0.942,"['new french touch', 'pop dance', 'tropical house']"
30,37,31,good 4 u,Olivia Rodrigo,127163,https://open.spotify.com/track/4ZtFanR9U6ndgddUvNcjcG,1,38,4ZtFanR9U6ndgddUvNcjcG,0.563,0.664,0.335,https://api.spotify.com/v1/audio-analysis/4ZtFanR9U6ndgddUvNcjcG,178147,4ZtFanR9U6ndgddUvNcjcG,0.0,9,0.0849,-5.044,1,0.154,166.928,4,https://api.spotify.com/v1/tracks/4ZtFanR9U6ndgddUvNcjcG,audio_features,spotify:track:4ZtFanR9U6ndgddUvNcjcG,0.688,['pop']
32,38,33,Casanova,Were-vana,125782,https://open.spotify.com/track/5xriTc82DdSAGToWcixBKf,1,39,5xriTc82DdSAGToWcixBKf,0.711,0.848,0.465,https://api.spotify.com/v1/audio-analysis/5xriTc82DdSAGToWcixBKf,172146,5xriTc82DdSAGToWcixBKf,0.0,6,0.123,-6.125,0,0.115,97.176,4,https://api.spotify.com/v1/tracks/5xriTc82DdSAGToWcixBKf,audio_features,spotify:track:5xriTc82DdSAGToWcixBKf,0.531,"['rap antillais', 'zouk riddim']"
33,39,34,Eté 90,Therapie TAXI,125102,https://open.spotify.com/track/1p9dxTMtG4gZpLp7yzvT54,1,40,1p9dxTMtG4gZpLp7yzvT54,0.649,0.618,0.0215,https://api.spotify.com/v1/audio-analysis/1p9dxTMtG4gZpLp7yzvT54,192613,1p9dxTMtG4gZpLp7yzvT54,1.16e-06,9,0.0911,-7.691,1,0.0779,92.02,4,https://api.spotify.com/v1/tracks/1p9dxTMtG4gZpLp7yzvT54,audio_features,spotify:track:1p9dxTMtG4gZpLp7yzvT54,0.381,"['french indie pop', 'french indietronica', 'french pop', 'new french touch', 'nouvelle chanson francaise']"
34,40,35,Goosebumps - Remix,Travis Scott,124068,https://open.spotify.com/track/5uEYRdEIh9Bo4fpjDd4Na9,1,41,5uEYRdEIh9Bo4fpjDd4Na9,0.841,0.593,0.418,https://api.spotify.com/v1/audio-analysis/5uEYRdEIh9Bo4fpjDd4Na9,162803,5uEYRdEIh9Bo4fpjDd4Na9,0.0,1,0.124,-7.846,1,0.0379,124.917,4,https://api.spotify.com/v1/tracks/5uEYRdEIh9Bo4fpjDd4Na9,audio_features,spotify:track:5uEYRdEIh9Bo4fpjDd4Na9,0.808,"['rap', 'slap house']"
39,41,40,Cover Me In Sunshine,P!nk,109476,https://open.spotify.com/track/0UKUfxIkDAMZz7hMdiVX3m,1,42,0UKUfxIkDAMZz7hMdiVX3m,0.473,0.592,0.0528,https://api.spotify.com/v1/audio-analysis/0UKUfxIkDAMZz7hMdiVX3m,138573,0UKUfxIkDAMZz7hMdiVX3m,0.0,5,0.131,-6.859,1,0.138,159.7,4,https://api.spotify.com/v1/tracks/0UKUfxIkDAMZz7hMdiVX3m,audio_features,spotify:track:0UKUfxIkDAMZz7hMdiVX3m,0.292,"['dance pop', 'pop', 'post-teen pop']"
40,42,41,Floating Through Space,Sia,108233,https://open.spotify.com/track/0XwSUpdrF7nR7hVxbDs7mb,1,43,0XwSUpdrF7nR7hVxbDs7mb,0.575,0.844,0.00172,https://api.spotify.com/v1/audio-analysis/0XwSUpdrF7nR7hVxbDs7mb,177801,0XwSUpdrF7nR7hVxbDs7mb,0.0,6,0.114,-4.89,0,0.072,104.914,4,https://api.spotify.com/v1/tracks/0XwSUpdrF7nR7hVxbDs7mb,audio_features,spotify:track:0XwSUpdrF7nR7hVxbDs7mb,0.277,"['australian dance', 'australian pop', 'dance pop', 'pop']"
41,43,42,Bailamos,Lucenzo,105054,https://open.spotify.com/track/0mAinALNSl5TurTs9ZPUMp,1,44,0mAinALNSl5TurTs9ZPUMp,0.688,0.78,0.31,https://api.spotify.com/v1/audio-analysis/0mAinALNSl5TurTs9ZPUMp,173196,0mAinALNSl5TurTs9ZPUMp,5.15e-05,11,0.114,-4.957,1,0.122,193.891,4,https://api.spotify.com/v1/tracks/0mAinALNSl5TurTs9ZPUMp,audio_features,spotify:track:0mAinALNSl5TurTs9ZPUMp,0.568,"['francoton', 'reggaeton']"
42,44,43,Champion,Serge Ibaka,104681,https://open.spotify.com/track/7moGDROshDKDpuQxtQ3q4m,1,45,7moGDROshDKDpuQxtQ3q4m,0.556,0.639,0.282,https://api.spotify.com/v1/audio-analysis/7moGDROshDKDpuQxtQ3q4m,190246,7moGDROshDKDpuQxtQ3q4m,0.0,9,0.0878,-6.652,0,0.0974,99.627,4,https://api.spotify.com/v1/tracks/7moGDROshDKDpuQxtQ3q4m,audio_features,spotify:track:7moGDROshDKDpuQxtQ3q4m,0.591,"['francoton', 'pop urbaine']"
45,45,46,Rasputin,Majestic,100259,https://open.spotify.com/track/0b18g3G5spr4ZCkz7Y6Q0Q,1,46,0b18g3G5spr4ZCkz7Y6Q0Q,0.758,0.913,0.00364,https://api.spotify.com/v1/audio-analysis/0b18g3G5spr4ZCkz7Y6Q0Q,186210,0b18g3G5spr4ZCkz7Y6Q0Q,6.92e-05,6,0.193,-2.926,0,0.113,128.04,4,https://api.spotify.com/v1/tracks/0b18g3G5spr4ZCkz7Y6Q0Q,audio_features,spotify:track:0b18g3G5spr4ZCkz7Y6Q0Q,0.658,"['house', 'pop dance', 'uk dance']"
59,46,60,Tue ça,Koba LaD,85207,https://open.spotify.com/track/7JbCD3He9IjIewMZpjGpK2,8,47,7JbCD3He9IjIewMZpjGpK2,0.744,0.658,0.236,https://api.spotify.com/v1/audio-analysis/7JbCD3He9IjIewMZpjGpK2,170493,7JbCD3He9IjIewMZpjGpK2,0.0,1,0.0758,-6.925,1,0.179,126.257,4,https://api.spotify.com/v1/tracks/7JbCD3He9IjIewMZpjGpK2,audio_features,spotify:track:7JbCD3He9IjIewMZpjGpK2,0.798,"['french hip hop', 'pop urbaine', 'rap francais']"
85,47,86,Coffre plein,Koba LaD,65263,https://open.spotify.com/track/70pkwEEG7nDTXBFqoGQkH0,8,48,70pkwEEG7nDTXBFqoGQkH0,0.758,0.56,0.093,https://api.spotify.com/v1/audio-analysis/70pkwEEG7nDTXBFqoGQkH0,220666,70pkwEEG7nDTXBFqoGQkH0,0.0,6,0.104,-6.69,0,0.0639,149.893,4,https://api.spotify.com/v1/tracks/70pkwEEG7nDTXBFqoGQkH0,audio_features,spotify:track:70pkwEEG7nDTXBFqoGQkH0,0.606,"['french hip hop', 'pop urbaine', 'rap francais']"
127,48,128,Batards,Koba LaD,48693,https://open.spotify.com/track/7o0BSb2J6CK3tiQ9DL0pJM,8,49,7o0BSb2J6CK3tiQ9DL0pJM,0.665,0.513,0.535,https://api.spotify.com/v1/audio-analysis/7o0BSb2J6CK3tiQ9DL0pJM,165800,7o0BSb2J6CK3tiQ9DL0pJM,0.0,5,0.0996,-8.961,1,0.241,104.705,4,https://api.spotify.com/v1/tracks/7o0BSb2J6CK3tiQ9DL0pJM,audio_features,spotify:track:7o0BSb2J6CK3tiQ9DL0pJM,0.771,"['french hip hop', 'pop urbaine', 'rap francais']"
133,49,134,Chercher l'or,Koba LaD,47662,https://open.spotify.com/track/3qP9ZjL0XAuqjLUVNJ0Jn6,8,50,3qP9ZjL0XAuqjLUVNJ0Jn6,0.775,0.649,0.298,https://api.spotify.com/v1/audio-analysis/3qP9ZjL0XAuqjLUVNJ0Jn6,188099,3qP9ZjL0XAuqjLUVNJ0Jn6,0.0,1,0.206,-6.3,0,0.183,135.915,4,https://api.spotify.com/v1/tracks/3qP9ZjL0XAuqjLUVNJ0Jn6,audio_features,spotify:track:3qP9ZjL0XAuqjLUVNJ0Jn6,0.397,"['french hip hop', 'pop urbaine', 'rap francais']"
165,50,166,M Power,Koba LaD,42558,https://open.spotify.com/track/1W9mZ3CNKQmLZ73HCRXuXT,8,51,1W9mZ3CNKQmLZ73HCRXuXT,0.669,0.471,0.0994,https://api.spotify.com/v1/audio-analysis/1W9mZ3CNKQmLZ73HCRXuXT,185963,1W9mZ3CNKQmLZ73HCRXuXT,0.0,1,0.0845,-12.018,1,0.831,134.06,4,https://api.spotify.com/v1/tracks/1W9mZ3CNKQmLZ73HCRXuXT,audio_features,spotify:track:1W9mZ3CNKQmLZ73HCRXuXT,0.586,"['french hip hop', 'pop urbaine', 'rap francais']"
170,51,171,Kilos de beuh,Koba LaD,41780,https://open.spotify.com/track/5xTCOORRNP8WQSbOIo8PFF,8,52,5xTCOORRNP8WQSbOIo8PFF,0.856,0.65,0.142,https://api.spotify.com/v1/audio-analysis/5xTCOORRNP8WQSbOIo8PFF,203813,5xTCOORRNP8WQSbOIo8PFF,0.0,2,0.112,-6.915,1,0.434,135.106,4,https://api.spotify.com/v1/tracks/5xTCOORRNP8WQSbOIo8PFF,audio_features,spotify:track:5xTCOORRNP8WQSbOIo8PFF,0.722,"['french hip hop', 'pop urbaine', 'rap francais']"
54,52,55,Je n'ai pas que des potes,Jul,90303,https://open.spotify.com/track/6515c0hOsfWseNRCeO1kmw,7,53,6515c0hOsfWseNRCeO1kmw,0.788,0.825,0.223,https://api.spotify.com/v1/audio-analysis/6515c0hOsfWseNRCeO1kmw,198440,6515c0hOsfWseNRCeO1kmw,0.0,1,0.124,-6.136,1,0.269,82.526,4,https://api.spotify.com/v1/tracks/6515c0hOsfWseNRCeO1kmw,audio_features,spotify:track:6515c0hOsfWseNRCeO1kmw,0.705,"['alt z', 'dance pop', 'electropop', 'pop', 'post-teen pop']"
118,53,119,Mother Fuck,Jul,50803,https://open.spotify.com/track/0QMHp1X3B5BGN6J3HynHT1,7,54,0QMHp1X3B5BGN6J3HynHT1,0.807,0.87,0.448,https://api.spotify.com/v1/audio-analysis/0QMHp1X3B5BGN6J3HynHT1,216867,0QMHp1X3B5BGN6J3HynHT1,0.000278,1,0.0964,-5.109,1,0.0812,139.994,4,https://api.spotify.com/v1/tracks/0QMHp1X3B5BGN6J3HynHT1,audio_features,spotify:track:0QMHp1X3B5BGN6J3HynHT1,0.566,"['alt z', 'dance pop', 'electropop', 'pop', 'post-teen pop']"
130,54,131,Irréversible,Jul,48376,https://open.spotify.com/track/3SVs240C1DW8ge7clwWCrd,7,55,3SVs240C1DW8ge7clwWCrd,0.904,0.619,0.146,https://api.spotify.com/v1/audio-analysis/3SVs240C1DW8ge7clwWCrd,148176,3SVs240C1DW8ge7clwWCrd,0.0,3,0.221,-6.945,0,0.0843,130.971,4,https://api.spotify.com/v1/tracks/3SVs240C1DW8ge7clwWCrd,audio_features,spotify:track:3SVs240C1DW8ge7clwWCrd,0.861,"['alt z', 'dance pop', 'electropop', 'pop', 'post-teen pop']"
145,55,146,Avant la douane,Jul,45428,https://open.spotify.com/track/3AwXhQWatI5b1sLIhsnOdP,7,56,3AwXhQWatI5b1sLIhsnOdP,0.844,0.651,0.673,https://api.spotify.com/v1/audio-analysis/3AwXhQWatI5b1sLIhsnOdP,186593,3AwXhQWatI5b1sLIhsnOdP,7.08e-05,0,0.174,-9.162,0,0.23,138.038,4,https://api.spotify.com/v1/tracks/3AwXhQWatI5b1sLIhsnOdP,audio_features,spotify:track:3AwXhQWatI5b1sLIhsnOdP,0.795,"['alt z', 'dance pop', 'electropop', 'pop', 'post-teen pop']"
174,56,175,Italia,Jul,41213,https://open.spotify.com/track/11Mq1tJwmFOig3BXxjqcQr,7,57,11Mq1tJwmFOig3BXxjqcQr,0.859,0.805,0.628,https://api.spotify.com/v1/audio-analysis/11Mq1tJwmFOig3BXxjqcQr,212840,11Mq1tJwmFOig3BXxjqcQr,3.58e-05,2,0.0995,-6.734,0,0.0446,136.037,4,https://api.spotify.com/v1/tracks/11Mq1tJwmFOig3BXxjqcQr,audio_features,spotify:track:11Mq1tJwmFOig3BXxjqcQr,0.788,"['alt z', 'dance pop', 'electropop', 'pop', 'post-teen pop']"
197,57,198,JCVD,Jul,39146,https://open.spotify.com/track/10iesoGb4mCYTcur1QfdO9,7,58,10iesoGb4mCYTcur1QfdO9,0.847,0.83,0.479,https://api.spotify.com/v1/audio-analysis/10iesoGb4mCYTcur1QfdO9,194267,10iesoGb4mCYTcur1QfdO9,2.54e-06,7,0.068,-5.873,0,0.034,130.05,4,https://api.spotify.com/v1/tracks/10iesoGb4mCYTcur1QfdO9,audio_features,spotify:track:10iesoGb4mCYTcur1QfdO9,0.895,"['alt z', 'dance pop', 'electropop', 'pop', 'post-teen pop']"
53,58,54,Les derniers marioles (feat. SCH),Soso Maness,90446,https://open.spotify.com/track/3nfSwkMLwFT49PIRDBG6CZ,5,59,3nfSwkMLwFT49PIRDBG6CZ,0.541,0.746,0.22,https://api.spotify.com/v1/audio-analysis/3nfSwkMLwFT49PIRDBG6CZ,211067,3nfSwkMLwFT49PIRDBG6CZ,3.55e-06,7,0.161,-6.445,0,0.333,104.82,3,https://api.spotify.com/v1/tracks/3nfSwkMLwFT49PIRDBG6CZ,audio_features,spotify:track:3nfSwkMLwFT49PIRDBG6CZ,0.516,"['french hip hop', 'pop urbaine', 'rap francais', 'rap marseille']"
55,59,56,Puta Madre (feat. Jul),Soso Maness,89546,https://open.spotify.com/track/76YbjMIB74nqaSSlmx5zLx,5,60,76YbjMIB74nqaSSlmx5zLx,0.82,0.929,0.0576,https://api.spotify.com/v1/audio-analysis/76YbjMIB74nqaSSlmx5zLx,187493,76YbjMIB74nqaSSlmx5zLx,0.0,1,0.0512,-4.435,1,0.132,132.046,4,https://api.spotify.com/v1/tracks/76YbjMIB74nqaSSlmx5zLx,audio_features,spotify:track:76YbjMIB74nqaSSlmx5zLx,0.651,"['french hip hop', 'pop urbaine', 'rap francais', 'rap marseille']"
83,60,84,On va où,L'Algérino,65874,https://open.spotify.com/track/7I3E9cSuM1cf6VNKRaXxE8,5,61,7I3E9cSuM1cf6VNKRaXxE8,0.868,0.821,0.0502,https://api.spotify.com/v1/audio-analysis/7I3E9cSuM1cf6VNKRaXxE8,173480,7I3E9cSuM1cf6VNKRaXxE8,0.0,2,0.0339,-4.319,1,0.0531,124.961,4,https://api.spotify.com/v1/tracks/7I3E9cSuM1cf6VNKRaXxE8,audio_features,spotify:track:7I3E9cSuM1cf6VNKRaXxE8,0.949,"['francoton', 'french hip hop', 'pop urbaine', 'rap algerien', 'rap marseille']"
97,61,98,ALG 63,L'Algérino,56605,https://open.spotify.com/track/4o25J5G6IkaPqU3gHONgbL,5,62,4o25J5G6IkaPqU3gHONgbL,0.868,0.67,0.368,https://api.spotify.com/v1/audio-analysis/4o25J5G6IkaPqU3gHONgbL,176960,4o25J5G6IkaPqU3gHONgbL,0.0,9,0.103,-5.006,0,0.0671,134.041,4,https://api.spotify.com/v1/tracks/4o25J5G6IkaPqU3gHONgbL,audio_features,spotify:track:4o25J5G6IkaPqU3gHONgbL,0.724,"['francoton', 'french hip hop', 'pop urbaine', 'rap algerien', 'rap marseille']"
102,62,103,Toute la noche (feat. Maître Gims),Soso Maness,53950,https://open.spotify.com/track/7kmueDSUCCcDnEed0Tseow,5,63,7kmueDSUCCcDnEed0Tseow,0.905,0.804,0.409,https://api.spotify.com/v1/audio-analysis/7kmueDSUCCcDnEed0Tseow,185413,7kmueDSUCCcDnEed0Tseow,0.0,9,0.107,-5.274,1,0.154,99.961,4,https://api.spotify.com/v1/tracks/7kmueDSUCCcDnEed0Tseow,audio_features,spotify:track:7kmueDSUCCcDnEed0Tseow,0.234,"['french hip hop', 'pop urbaine', 'rap francais', 'rap marseille']"
156,63,157,DLB 13,Soso Maness,43773,https://open.spotify.com/track/64v5RSiSNrlLHRoynPHhQ3,5,64,64v5RSiSNrlLHRoynPHhQ3,0.92,0.696,0.243,https://api.spotify.com/v1/audio-analysis/64v5RSiSNrlLHRoynPHhQ3,161547,64v5RSiSNrlLHRoynPHhQ3,0.0,11,0.0942,-5.699,0,0.104,105.962,4,https://api.spotify.com/v1/tracks/64v5RSiSNrlLHRoynPHhQ3,audio_features,spotify:track:64v5RSiSNrlLHRoynPHhQ3,0.784,"['french hip hop', 'pop urbaine', 'rap francais', 'rap marseille']"
178,64,179,Excuse My French,L'Algérino,40942,https://open.spotify.com/track/65CQf0HHVDMF54krCcP95t,5,65,65CQf0HHVDMF54krCcP95t,0.804,0.589,0.06,https://api.spotify.com/v1/audio-analysis/65CQf0HHVDMF54krCcP95t,191547,65CQf0HHVDMF54krCcP95t,0.0,1,0.0731,-5.411,0,0.0944,102.895,4,https://api.spotify.com/v1/tracks/65CQf0HHVDMF54krCcP95t,audio_features,spotify:track:65CQf0HHVDMF54krCcP95t,0.295,"['francoton', 'french hip hop', 'pop urbaine', 'rap algerien', 'rap marseille']"
181,65,182,Number One,L'Algérino,40484,https://open.spotify.com/track/5basWFVXVZ9XDN62R3qoGi,5,66,5basWFVXVZ9XDN62R3qoGi,0.757,0.569,0.528,https://api.spotify.com/v1/audio-analysis/5basWFVXVZ9XDN62R3qoGi,208760,5basWFVXVZ9XDN62R3qoGi,0.0,11,0.0982,-6.042,0,0.0426,99.989,4,https://api.spotify.com/v1/tracks/5basWFVXVZ9XDN62R3qoGi,audio_features,spotify:track:5basWFVXVZ9XDN62R3qoGi,0.671,"['francoton', 'french hip hop', 'pop urbaine', 'rap algerien', 'rap marseille']"
48,66,49,Tout en Gucci,Ninho,94765,https://open.spotify.com/track/0i5GJckWb9uCZU4jcGoBca,4,67,0i5GJckWb9uCZU4jcGoBca,0.776,0.662,0.548,https://api.spotify.com/v1/audio-analysis/0i5GJckWb9uCZU4jcGoBca,227118,0i5GJckWb9uCZU4jcGoBca,5.1e-06,3,0.117,-7.586,0,0.233,121.987,4,https://api.spotify.com/v1/tracks/0i5GJckWb9uCZU4jcGoBca,audio_features,spotify:track:0i5GJckWb9uCZU4jcGoBca,0.5,"['french hip hop', 'pop urbaine', 'rap francais']"
67,67,68,La vie qu'on mène,Ninho,75994,https://open.spotify.com/track/0Jh6iWjna1wk5le0Ahn7No,4,68,0Jh6iWjna1wk5le0Ahn7No,0.8,0.756,0.687,https://api.spotify.com/v1/audio-analysis/0Jh6iWjna1wk5le0Ahn7No,193444,0Jh6iWjna1wk5le0Ahn7No,2.06e-06,7,0.111,-4.4,0,0.0367,113.204,3,https://api.spotify.com/v1/tracks/0Jh6iWjna1wk5le0Ahn7No,audio_features,spotify:track:0Jh6iWjna1wk5le0Ahn7No,0.456,"['french hip hop', 'pop urbaine', 'rap francais']"
92,68,93,6.3,Naps,58502,https://open.spotify.com/track/3lTL4LdFKVF51lseI2nk5D,4,69,3lTL4LdFKVF51lseI2nk5D,0.875,0.613,0.688,https://api.spotify.com/v1/audio-analysis/3lTL4LdFKVF51lseI2nk5D,212320,3lTL4LdFKVF51lseI2nk5D,0.0,3,0.114,-7.229,0,0.21,119.964,4,https://api.spotify.com/v1/tracks/3lTL4LdFKVF51lseI2nk5D,audio_features,spotify:track:3lTL4LdFKVF51lseI2nk5D,0.752,"['francoton', 'french hip hop', 'pop urbaine', 'rap francais', 'rap marseille']"
94,69,95,Υ. 2 DIAMANTS,Damso,57810,https://open.spotify.com/track/1swQocGVyXMAamWDjNzoLx,4,70,1swQocGVyXMAamWDjNzoLx,0.788,0.486,0.11,https://api.spotify.com/v1/audio-analysis/1swQocGVyXMAamWDjNzoLx,197591,1swQocGVyXMAamWDjNzoLx,4.79e-06,8,0.105,-8.827,0,0.315,130.077,4,https://api.spotify.com/v1/tracks/1swQocGVyXMAamWDjNzoLx,audio_features,spotify:track:1swQocGVyXMAamWDjNzoLx,0.344,"['belgian hip hop', 'french hip hop', 'pop urbaine', 'rap belge', 'rap conscient']"
103,70,104,Lettre à une femme,Ninho,53826,https://open.spotify.com/track/5HEtuK03ygUzqca6yfgOYZ,4,71,5HEtuK03ygUzqca6yfgOYZ,0.487,0.398,0.835,https://api.spotify.com/v1/audio-analysis/5HEtuK03ygUzqca6yfgOYZ,157766,5HEtuK03ygUzqca6yfgOYZ,0.0,1,0.12,-9.901,0,0.0697,149.367,4,https://api.spotify.com/v1/tracks/5HEtuK03ygUzqca6yfgOYZ,audio_features,spotify:track:5HEtuK03ygUzqca6yfgOYZ,0.905,"['french hip hop', 'pop urbaine', 'rap francais']"
114,71,115,En détente,Naps,51563,https://open.spotify.com/track/5HerMpAegwiAAFOIXNCxED,4,72,5HerMpAegwiAAFOIXNCxED,0.926,0.662,0.336,https://api.spotify.com/v1/audio-analysis/5HerMpAegwiAAFOIXNCxED,154960,5HerMpAegwiAAFOIXNCxED,3.06e-06,9,0.0754,-4.711,0,0.11,140.021,4,https://api.spotify.com/v1/tracks/5HerMpAegwiAAFOIXNCxED,audio_features,spotify:track:5HerMpAegwiAAFOIXNCxED,0.725,"['francoton', 'french hip hop', 'pop urbaine', 'rap francais', 'rap marseille']"
125,72,126,Π. VANTABLACK,Damso,49152,https://open.spotify.com/track/2n3dCM1RqyhzH5FZQW4jxA,4,73,2n3dCM1RqyhzH5FZQW4jxA,0.544,0.661,0.182,https://api.spotify.com/v1/audio-analysis/2n3dCM1RqyhzH5FZQW4jxA,153707,2n3dCM1RqyhzH5FZQW4jxA,8.11e-06,11,0.383,-8.887,0,0.526,77.062,4,https://api.spotify.com/v1/tracks/2n3dCM1RqyhzH5FZQW4jxA,audio_features,spotify:track:2n3dCM1RqyhzH5FZQW4jxA,0.347,"['belgian hip hop', 'french hip hop', 'pop urbaine', 'rap belge', 'rap conscient']"
129,73,130,911,Damso,48544,https://open.spotify.com/track/2DOc7EJutpU8OrBHV6RABG,4,74,2DOc7EJutpU8OrBHV6RABG,0.685,0.706,0.0894,https://api.spotify.com/v1/audio-analysis/2DOc7EJutpU8OrBHV6RABG,172293,2DOc7EJutpU8OrBHV6RABG,0.0287,11,0.0986,-7.02,0,0.0545,155.989,4,https://api.spotify.com/v1/tracks/2DOc7EJutpU8OrBHV6RABG,audio_features,spotify:track:2DOc7EJutpU8OrBHV6RABG,0.64,"['belgian hip hop', 'french hip hop', 'pop urbaine', 'rap belge', 'rap conscient']"
146,74,147,Zipette,Ninho,45369,https://open.spotify.com/track/1Lulg5ZiMEXy3QNwb1PB8I,4,75,1Lulg5ZiMEXy3QNwb1PB8I,0.743,0.757,0.371,https://api.spotify.com/v1/audio-analysis/1Lulg5ZiMEXy3QNwb1PB8I,211263,1Lulg5ZiMEXy3QNwb1PB8I,0.0,3,0.0988,-6.889,0,0.272,192.018,3,https://api.spotify.com/v1/tracks/1Lulg5ZiMEXy3QNwb1PB8I,audio_features,spotify:track:1Lulg5ZiMEXy3QNwb1PB8I,0.72,"['french hip hop', 'pop urbaine', 'rap francais']"
57,75,58,Fever,Dua Lipa,87503,https://open.spotify.com/track/3F1P0QzdXtBz0MXy7KIO5w,3,76,3F1P0QzdXtBz0MXy7KIO5w,0.868,0.693,0.0597,https://api.spotify.com/v1/audio-analysis/3F1P0QzdXtBz0MXy7KIO5w,156911,3F1P0QzdXtBz0MXy7KIO5w,0.00399,6,0.106,-7.052,0,0.181,114.999,4,https://api.spotify.com/v1/tracks/3F1P0QzdXtBz0MXy7KIO5w,audio_features,spotify:track:3F1P0QzdXtBz0MXy7KIO5w,0.396,"['dance pop', 'pop', 'uk pop']"
60,76,61,Save Your Tears,The Weeknd,84900,https://open.spotify.com/track/5QO79kh1waicV47BqGRL3g,3,77,5QO79kh1waicV47BqGRL3g,0.68,0.826,0.0212,https://api.spotify.com/v1/audio-analysis/5QO79kh1waicV47BqGRL3g,215627,5QO79kh1waicV47BqGRL3g,1.24e-05,0,0.543,-5.487,1,0.0309,118.051,4,https://api.spotify.com/v1/tracks/5QO79kh1waicV47BqGRL3g,audio_features,spotify:track:5QO79kh1waicV47BqGRL3g,0.644,"['canadian contemporary r&b', 'canadian pop', 'pop']"
62,77,63,Blinding Lights,The Weeknd,82955,https://open.spotify.com/track/0VjIjW4GlUZAMYd2vXMi3b,3,78,0VjIjW4GlUZAMYd2vXMi3b,0.514,0.73,0.00146,https://api.spotify.com/v1/audio-analysis/0VjIjW4GlUZAMYd2vXMi3b,200040,0VjIjW4GlUZAMYd2vXMi3b,9.54e-05,1,0.0897,-5.934,1,0.0598,171.005,4,https://api.spotify.com/v1/tracks/0VjIjW4GlUZAMYd2vXMi3b,audio_features,spotify:track:0VjIjW4GlUZAMYd2vXMi3b,0.334,"['canadian contemporary r&b', 'canadian pop', 'pop']"
82,78,83,Téléphone - Extrait de CRCLR MVT SAISON II,Freeze corleone,65922,https://open.spotify.com/track/0FLegMOg3yN9e2zF5p9Vxb,3,79,0FLegMOg3yN9e2zF5p9Vxb,0.592,0.506,0.507,https://api.spotify.com/v1/audio-analysis/0FLegMOg3yN9e2zF5p9Vxb,188320,0FLegMOg3yN9e2zF5p9Vxb,0.0,0,0.157,-6.751,1,0.0948,143.846,4,https://api.spotify.com/v1/tracks/0FLegMOg3yN9e2zF5p9Vxb,audio_features,spotify:track:0FLegMOg3yN9e2zF5p9Vxb,0.237,['drill francais']
91,79,92,Mannschaft (feat. Freeze Corleone),SCH,59144,https://open.spotify.com/track/03cOUvF1fyW60AuUfUNiDc,3,80,03cOUvF1fyW60AuUfUNiDc,0.833,0.574,0.195,https://api.spotify.com/v1/audio-analysis/03cOUvF1fyW60AuUfUNiDc,227147,03cOUvF1fyW60AuUfUNiDc,0.0,0,0.142,-8.74,0,0.321,130.003,4,https://api.spotify.com/v1/tracks/03cOUvF1fyW60AuUfUNiDc,audio_features,spotify:track:03cOUvF1fyW60AuUfUNiDc,0.514,"['gangster rap', 'hip hop', 'pop rap', 'rap', 'southern hip hop', 'trap', 'underground hip hop']"
101,80,102,Dans la savane,DTF,54674,https://open.spotify.com/track/6LPQEPiXA54xGGdcqOdjdR,3,81,6LPQEPiXA54xGGdcqOdjdR,0.659,0.527,0.174,https://api.spotify.com/v1/audio-analysis/6LPQEPiXA54xGGdcqOdjdR,202914,6LPQEPiXA54xGGdcqOdjdR,0.0,5,0.0556,-10.008,0,0.0603,98.019,4,https://api.spotify.com/v1/tracks/6LPQEPiXA54xGGdcqOdjdR,audio_features,spotify:track:6LPQEPiXA54xGGdcqOdjdR,0.547,"['french hip hop', 'pop urbaine', 'rap conscient', 'rap francais']"
106,81,107,Marché noir,SCH,53067,https://open.spotify.com/track/3BDHFeYIrqGpL8HNkuI6zv,3,82,3BDHFeYIrqGpL8HNkuI6zv,0.42,0.553,0.406,https://api.spotify.com/v1/audio-analysis/3BDHFeYIrqGpL8HNkuI6zv,210973,3BDHFeYIrqGpL8HNkuI6zv,0.00197,0,0.541,-8.588,0,0.466,80.118,4,https://api.spotify.com/v1/tracks/3BDHFeYIrqGpL8HNkuI6zv,audio_features,spotify:track:3BDHFeYIrqGpL8HNkuI6zv,0.198,"['gangster rap', 'hip hop', 'pop rap', 'rap', 'southern hip hop', 'trap', 'underground hip hop']"
109,82,110,Kayna,Booba,52311,https://open.spotify.com/track/1DSUiI4i5HBWTvDF721oj4,3,83,1DSUiI4i5HBWTvDF721oj4,0.593,0.656,0.475,https://api.spotify.com/v1/audio-analysis/1DSUiI4i5HBWTvDF721oj4,187589,1DSUiI4i5HBWTvDF721oj4,0.0,6,0.155,-7.116,0,0.344,102.723,3,https://api.spotify.com/v1/tracks/1DSUiI4i5HBWTvDF721oj4,audio_features,spotify:track:1DSUiI4i5HBWTvDF721oj4,0.37,"['french hip hop', 'old school rap francais', 'pop urbaine', 'rap conscient']"
116,83,117,Plaza Athénée,Booba,51340,https://open.spotify.com/track/3zfX77h21GrlhsiOuYnZNC,3,84,3zfX77h21GrlhsiOuYnZNC,0.776,0.615,0.15,https://api.spotify.com/v1/audio-analysis/3zfX77h21GrlhsiOuYnZNC,148726,3zfX77h21GrlhsiOuYnZNC,0.0575,1,0.0719,-8.053,0,0.04,133.962,4,https://api.spotify.com/v1/tracks/3zfX77h21GrlhsiOuYnZNC,audio_features,spotify:track:3zfX77h21GrlhsiOuYnZNC,0.424,"['french hip hop', 'old school rap francais', 'pop urbaine', 'rap conscient']"
128,84,129,Vie de star (feat. Ninho),Leto,48570,https://open.spotify.com/track/7toL2moA2sVueHJKDhVD0n,3,85,7toL2moA2sVueHJKDhVD0n,0.4,0.586,0.845,https://api.spotify.com/v1/audio-analysis/7toL2moA2sVueHJKDhVD0n,202680,7toL2moA2sVueHJKDhVD0n,0.0,8,0.1,-7.569,0,0.074,170.544,3,https://api.spotify.com/v1/tracks/7toL2moA2sVueHJKDhVD0n,audio_features,spotify:track:7toL2moA2sVueHJKDhVD0n,0.282,['sad rap']
137,85,138,Polémique,Freeze corleone,47162,https://open.spotify.com/track/5cTitJ7nqx8eeJCNIgdHjp,3,86,5cTitJ7nqx8eeJCNIgdHjp,0.724,0.675,0.223,https://api.spotify.com/v1/audio-analysis/5cTitJ7nqx8eeJCNIgdHjp,197500,5cTitJ7nqx8eeJCNIgdHjp,0.0,5,0.0681,-8.475,0,0.231,144.134,4,https://api.spotify.com/v1/tracks/5cTitJ7nqx8eeJCNIgdHjp,audio_features,spotify:track:5cTitJ7nqx8eeJCNIgdHjp,0.415,['drill francais']
139,86,140,Boyz,DTF,46780,https://open.spotify.com/track/6ft69yDa4wcxA1dh1thuIj,3,87,6ft69yDa4wcxA1dh1thuIj,0.766,0.464,0.314,https://api.spotify.com/v1/audio-analysis/6ft69yDa4wcxA1dh1thuIj,238095,6ft69yDa4wcxA1dh1thuIj,0.000136,2,0.109,-8.629,0,0.105,139.875,4,https://api.spotify.com/v1/tracks/6ft69yDa4wcxA1dh1thuIj,audio_features,spotify:track:6ft69yDa4wcxA1dh1thuIj,0.138,"['french hip hop', 'pop urbaine', 'rap conscient', 'rap francais']"
143,87,144,Freeze Raël,Freeze corleone,45783,https://open.spotify.com/track/6DPrYPPGYK218iVIZDix3i,3,88,6DPrYPPGYK218iVIZDix3i,0.645,0.545,0.375,https://api.spotify.com/v1/audio-analysis/6DPrYPPGYK218iVIZDix3i,268947,6DPrYPPGYK218iVIZDix3i,2.32e-05,11,0.106,-10.675,0,0.0511,137.09,4,https://api.spotify.com/v1/tracks/6DPrYPPGYK218iVIZDix3i,audio_features,spotify:track:6DPrYPPGYK218iVIZDix3i,0.0379,['drill francais']
162,88,163,Macaroni (feat. Ninho),Leto,43118,https://open.spotify.com/track/4Z9CNGHElj2rLkB8mQdvnA,3,89,4Z9CNGHElj2rLkB8mQdvnA,0.592,0.492,0.272,https://api.spotify.com/v1/audio-analysis/4Z9CNGHElj2rLkB8mQdvnA,223747,4Z9CNGHElj2rLkB8mQdvnA,0.0,9,0.0785,-8.462,1,0.169,128.067,4,https://api.spotify.com/v1/tracks/4Z9CNGHElj2rLkB8mQdvnA,audio_features,spotify:track:4Z9CNGHElj2rLkB8mQdvnA,0.384,['sad rap']
164,89,165,La machine,Aya Nakamura,42768,https://open.spotify.com/track/4YcK0u6DgSg1jQqWYCXTBq,3,90,4YcK0u6DgSg1jQqWYCXTBq,0.927,0.686,0.0596,https://api.spotify.com/v1/audio-analysis/4YcK0u6DgSg1jQqWYCXTBq,183773,4YcK0u6DgSg1jQqWYCXTBq,2.2e-06,3,0.11,-4.23,0,0.162,127.038,4,https://api.spotify.com/v1/tracks/4YcK0u6DgSg1jQqWYCXTBq,audio_features,spotify:track:4YcK0u6DgSg1jQqWYCXTBq,0.43,"['basshall', 'francoton']"
171,90,172,Bené,PNL,41441,https://open.spotify.com/track/00X2yv2vrtritPt2CZnUTZ,3,91,00X2yv2vrtritPt2CZnUTZ,0.784,0.7,0.491,https://api.spotify.com/v1/audio-analysis/00X2yv2vrtritPt2CZnUTZ,190067,00X2yv2vrtritPt2CZnUTZ,0.0,7,0.108,-7.649,0,0.108,82.028,4,https://api.spotify.com/v1/tracks/00X2yv2vrtritPt2CZnUTZ,audio_features,spotify:track:00X2yv2vrtritPt2CZnUTZ,0.769,"['french hip hop', 'pop urbaine']"
183,91,184,Onizuka,PNL,40451,https://open.spotify.com/track/4GCIYE1x1TWJCChPkpy9by,3,92,4GCIYE1x1TWJCChPkpy9by,0.688,0.569,0.392,https://api.spotify.com/v1/audio-analysis/4GCIYE1x1TWJCChPkpy9by,252373,4GCIYE1x1TWJCChPkpy9by,0.000175,10,0.12,-7.007,0,0.0375,109.041,4,https://api.spotify.com/v1/tracks/4GCIYE1x1TWJCChPkpy9by,audio_features,spotify:track:4GCIYE1x1TWJCChPkpy9by,0.359,"['french hip hop', 'pop urbaine']"
185,92,186,Sale histoire,Leto,40292,https://open.spotify.com/track/73qXFdtK3lrLzFjj9fYIkb,3,93,73qXFdtK3lrLzFjj9fYIkb,0.898,0.706,0.162,https://api.spotify.com/v1/audio-analysis/73qXFdtK3lrLzFjj9fYIkb,253590,73qXFdtK3lrLzFjj9fYIkb,0.0,3,0.0896,-6.505,0,0.103,102.013,4,https://api.spotify.com/v1/tracks/73qXFdtK3lrLzFjj9fYIkb,audio_features,spotify:track:73qXFdtK3lrLzFjj9fYIkb,0.402,['sad rap']
189,93,190,Jolie nana,Aya Nakamura,40028,https://open.spotify.com/track/65RWVU6N81CeH65nu52K1U,3,94,65RWVU6N81CeH65nu52K1U,0.813,0.64,0.269,https://api.spotify.com/v1/audio-analysis/65RWVU6N81CeH65nu52K1U,147076,65RWVU6N81CeH65nu52K1U,0.0,2,0.131,-5.908,1,0.272,92.989,4,https://api.spotify.com/v1/tracks/65RWVU6N81CeH65nu52K1U,audio_features,spotify:track:65RWVU6N81CeH65nu52K1U,0.488,"['basshall', 'francoton']"
191,94,192,Me Gusta,DTF,39899,https://open.spotify.com/track/6P3FBaZfUjeWYExU2ShaPZ,3,95,6P3FBaZfUjeWYExU2ShaPZ,0.834,0.734,0.413,https://api.spotify.com/v1/audio-analysis/6P3FBaZfUjeWYExU2ShaPZ,175270,6P3FBaZfUjeWYExU2ShaPZ,4.01e-05,6,0.113,-5.948,0,0.341,89.989,4,https://api.spotify.com/v1/tracks/6P3FBaZfUjeWYExU2ShaPZ,audio_features,spotify:track:6P3FBaZfUjeWYExU2ShaPZ,0.356,"['french hip hop', 'pop urbaine', 'rap conscient', 'rap francais']"
193,95,194,Au DD,PNL,39752,https://open.spotify.com/track/5lCxlSBFyP5g4EhVypAoOu,3,96,5lCxlSBFyP5g4EhVypAoOu,0.777,0.698,0.293,https://api.spotify.com/v1/audio-analysis/5lCxlSBFyP5g4EhVypAoOu,247161,5lCxlSBFyP5g4EhVypAoOu,2.32e-05,6,0.0908,-7.706,0,0.0704,119.963,4,https://api.spotify.com/v1/tracks/5lCxlSBFyP5g4EhVypAoOu,audio_features,spotify:track:5lCxlSBFyP5g4EhVypAoOu,0.119,"['french hip hop', 'pop urbaine']"
64,96,65,Cabeza,OBOY,78229,https://open.spotify.com/track/66tNDqYNR2S6Svwgm3BMi9,2,97,66tNDqYNR2S6Svwgm3BMi9,0.884,0.566,0.123,https://api.spotify.com/v1/audio-analysis/66tNDqYNR2S6Svwgm3BMi9,148035,66tNDqYNR2S6Svwgm3BMi9,3.25e-06,5,0.106,-7.398,0,0.046,106.983,4,https://api.spotify.com/v1/tracks/66tNDqYNR2S6Svwgm3BMi9,audio_features,spotify:track:66tNDqYNR2S6Svwgm3BMi9,0.565,"['french hip hop', 'pop urbaine', 'rap francais']"
66,97,67,KASSAV (feat. Tiakola),Gazo,76576,https://open.spotify.com/track/25PVU9aowaP69bSYRBe3sj,2,98,25PVU9aowaP69bSYRBe3sj,0.759,0.523,0.649,https://api.spotify.com/v1/audio-analysis/25PVU9aowaP69bSYRBe3sj,210253,25PVU9aowaP69bSYRBe3sj,1.33e-05,6,0.269,-9.886,0,0.321,144.109,4,https://api.spotify.com/v1/tracks/25PVU9aowaP69bSYRBe3sj,audio_features,spotify:track:25PVU9aowaP69bSYRBe3sj,0.766,"['drill francais', 'french hip hop', 'pop urbaine', 'rap francais']"
78,98,79,Aminata,Landy,67355,https://open.spotify.com/track/5cOkUTJvuYBNV1JZ5yPWex,2,99,5cOkUTJvuYBNV1JZ5yPWex,0.858,0.827,0.382,https://api.spotify.com/v1/audio-analysis/5cOkUTJvuYBNV1JZ5yPWex,196414,5cOkUTJvuYBNV1JZ5yPWex,0.0,6,0.102,-4.522,0,0.0506,111.033,4,https://api.spotify.com/v1/tracks/5cOkUTJvuYBNV1JZ5yPWex,audio_features,spotify:track:5cOkUTJvuYBNV1JZ5yPWex,0.63,"['francoton', 'french hip hop', 'pop urbaine', 'rap francais']"
86,99,87,Le billet,ISK,64426,https://open.spotify.com/track/731JjfIII1qYfeatc3zhtU,2,100,731JjfIII1qYfeatc3zhtU,0.97,0.877,0.0538,https://api.spotify.com/v1/audio-analysis/731JjfIII1qYfeatc3zhtU,155551,731JjfIII1qYfeatc3zhtU,0.0,0,0.0909,-6.088,1,0.272,124.011,4,https://api.spotify.com/v1/tracks/731JjfIII1qYfeatc3zhtU,audio_features,spotify:track:731JjfIII1qYfeatc3zhtU,0.363,"['french hip hop', 'pop urbaine', 'rap francais']"
90,100,91,Derrière le brouillard,Grand Corps Malade,60277,https://open.spotify.com/track/41mbANHqOIULPmYi5Hp4ey,2,101,41mbANHqOIULPmYi5Hp4ey,0.68,0.616,0.167,https://api.spotify.com/v1/audio-analysis/41mbANHqOIULPmYi5Hp4ey,253013,41mbANHqOIULPmYi5Hp4ey,0.0,6,0.127,-8.528,0,0.107,109.842,4,https://api.spotify.com/v1/tracks/41mbANHqOIULPmYi5Hp4ey,audio_features,spotify:track:41mbANHqOIULPmYi5Hp4ey,0.229,"['chanson', 'francoton', 'french pop', 'french rock', 'nouvelle chanson francaise']"
95,101,96,Médusa,Landy,57627,https://open.spotify.com/track/2hL0WVDLvlxZ60J4YyWvFW,2,102,2hL0WVDLvlxZ60J4YyWvFW,0.714,0.829,0.474,https://api.spotify.com/v1/audio-analysis/2hL0WVDLvlxZ60J4YyWvFW,157600,2hL0WVDLvlxZ60J4YyWvFW,0.0,4,0.0958,-5.129,0,0.053,106.025,4,https://api.spotify.com/v1/tracks/2hL0WVDLvlxZ60J4YyWvFW,audio_features,spotify:track:2hL0WVDLvlxZ60J4YyWvFW,0.432,"['francoton', 'french hip hop', 'pop urbaine', 'rap francais']"
98,102,99,I WANNA BE YOUR SLAVE,Måneskin,55809,https://open.spotify.com/track/4pt5fDVTg5GhEvEtlz9dKk,2,103,4pt5fDVTg5GhEvEtlz9dKk,0.75,0.608,0.00165,https://api.spotify.com/v1/audio-analysis/4pt5fDVTg5GhEvEtlz9dKk,173347,4pt5fDVTg5GhEvEtlz9dKk,0.0,1,0.178,-4.008,1,0.0387,132.507,4,https://api.spotify.com/v1/tracks/4pt5fDVTg5GhEvEtlz9dKk,audio_features,spotify:track:4pt5fDVTg5GhEvEtlz9dKk,0.958,"['indie rock italiano', 'italian pop']"
100,103,101,Mon soleil,Dadju,55456,https://open.spotify.com/track/2Dv1CPIgX29t816ZLscdB2,2,104,2Dv1CPIgX29t816ZLscdB2,0.656,0.718,0.129,https://api.spotify.com/v1/audio-analysis/2Dv1CPIgX29t816ZLscdB2,190758,2Dv1CPIgX29t816ZLscdB2,0.0,2,0.0726,-6.482,0,0.202,176.27,4,https://api.spotify.com/v1/tracks/2Dv1CPIgX29t816ZLscdB2,audio_features,spotify:track:2Dv1CPIgX29t816ZLscdB2,0.665,"['francoton', 'french hip hop', 'french pop', 'pop urbaine']"
107,104,108,DÁKITI,Bad Bunny,52380,https://open.spotify.com/track/4MzXwWMhyBbmu6hOcLVD49,2,105,4MzXwWMhyBbmu6hOcLVD49,0.731,0.573,0.401,https://api.spotify.com/v1/audio-analysis/4MzXwWMhyBbmu6hOcLVD49,205090,4MzXwWMhyBbmu6hOcLVD49,5.22e-05,4,0.113,-10.059,0,0.0544,109.928,4,https://api.spotify.com/v1/tracks/4MzXwWMhyBbmu6hOcLVD49,audio_features,spotify:track:4MzXwWMhyBbmu6hOcLVD49,0.145,"['latin', 'reggaeton', 'trap latino']"
108,105,109,beau-papa,Vianney,52326,https://open.spotify.com/track/5wXkbtZO1HsOQ1P75zi35p,2,106,5wXkbtZO1HsOQ1P75zi35p,0.746,0.506,0.364,https://api.spotify.com/v1/audio-analysis/5wXkbtZO1HsOQ1P75zi35p,197562,5wXkbtZO1HsOQ1P75zi35p,0.0,10,0.123,-6.016,0,0.0367,122.044,4,https://api.spotify.com/v1/tracks/5wXkbtZO1HsOQ1P75zi35p,audio_features,spotify:track:5wXkbtZO1HsOQ1P75zi35p,0.486,"['chanson', 'francoton', 'french pop']"
112,106,113,Criminel,Alonzo,51622,https://open.spotify.com/track/5MFkslPXn4MYmaJ2qQnhc4,2,107,5MFkslPXn4MYmaJ2qQnhc4,0.728,0.56,0.157,https://api.spotify.com/v1/audio-analysis/5MFkslPXn4MYmaJ2qQnhc4,178053,5MFkslPXn4MYmaJ2qQnhc4,0.0,1,0.169,-5.892,0,0.0962,130.151,4,https://api.spotify.com/v1/tracks/5MFkslPXn4MYmaJ2qQnhc4,audio_features,spotify:track:5MFkslPXn4MYmaJ2qQnhc4,0.569,"['francoton', 'french hip hop', 'pop urbaine', 'rap francais', 'rap marseille']"
122,107,123,Mango - Extrait de la BO de « En Passant Pécho »,Kore,49757,https://open.spotify.com/track/1mKg1S2CE0plkFkKRnZCwl,2,108,1mKg1S2CE0plkFkKRnZCwl,0.8,0.866,0.144,https://api.spotify.com/v1/audio-analysis/1mKg1S2CE0plkFkKRnZCwl,182933,1mKg1S2CE0plkFkKRnZCwl,6.4e-06,2,0.188,-5.146,1,0.111,140.003,4,https://api.spotify.com/v1/tracks/1mKg1S2CE0plkFkKRnZCwl,audio_features,spotify:track:1mKg1S2CE0plkFkKRnZCwl,0.753,"['afro dancehall', 'afropop', 'azontobeats', 'nigerian hip hop', 'nigerian pop']"
123,108,124,Ramenez la coupe à la maison,Vegedream,49615,https://open.spotify.com/track/1m0UFnuTktOkksvjbF9z0m,2,109,1m0UFnuTktOkksvjbF9z0m,0.808,0.661,0.0358,https://api.spotify.com/v1/audio-analysis/1m0UFnuTktOkksvjbF9z0m,235556,1m0UFnuTktOkksvjbF9z0m,0.0,0,0.138,-6.237,0,0.0395,107.992,4,https://api.spotify.com/v1/tracks/1m0UFnuTktOkksvjbF9z0m,audio_features,spotify:track:1m0UFnuTktOkksvjbF9z0m,0.804,"['francoton', 'french hip hop', 'pop urbaine']"
124,109,125,Allo,Marwa Loud,49231,https://open.spotify.com/track/5XRh9qvGFwy557Z9Sy8ADD,2,110,5XRh9qvGFwy557Z9Sy8ADD,0.739,0.701,0.184,https://api.spotify.com/v1/audio-analysis/5XRh9qvGFwy557Z9Sy8ADD,186453,5XRh9qvGFwy557Z9Sy8ADD,0.0,0,0.148,-6.314,0,0.197,144.899,4,https://api.spotify.com/v1/tracks/5XRh9qvGFwy557Z9Sy8ADD,audio_features,spotify:track:5XRh9qvGFwy557Z9Sy8ADD,0.236,"['francoton', 'french pop', 'pop urbaine']"
126,110,127,Pour de vrai,Vianney,48805,https://open.spotify.com/track/6ixKI6i2vg8mTVtdzsGHYD,2,111,6ixKI6i2vg8mTVtdzsGHYD,0.784,0.392,0.393,https://api.spotify.com/v1/audio-analysis/6ixKI6i2vg8mTVtdzsGHYD,241668,6ixKI6i2vg8mTVtdzsGHYD,0.0,2,0.297,-9.747,1,0.0796,91.002,4,https://api.spotify.com/v1/tracks/6ixKI6i2vg8mTVtdzsGHYD,audio_features,spotify:track:6ixKI6i2vg8mTVtdzsGHYD,0.295,"['chanson', 'francoton', 'french pop']"
151,111,152,Grand bain,Dadju,44710,https://open.spotify.com/track/0W4MOQ2kTOm1y7ooahgQP1,2,112,0W4MOQ2kTOm1y7ooahgQP1,0.63,0.393,0.88,https://api.spotify.com/v1/audio-analysis/0W4MOQ2kTOm1y7ooahgQP1,207076,0W4MOQ2kTOm1y7ooahgQP1,0.0,1,0.0894,-10.762,1,0.183,145.051,4,https://api.spotify.com/v1/tracks/0W4MOQ2kTOm1y7ooahgQP1,audio_features,spotify:track:0W4MOQ2kTOm1y7ooahgQP1,0.166,"['francoton', 'french hip hop', 'french pop', 'pop urbaine']"
154,112,155,Head Shoulders Knees & Toes (feat. Norma Jean Martine),Ofenbach,44335,https://open.spotify.com/track/6i7zAdNhzUN2k1HcrBxPHG,2,113,6i7zAdNhzUN2k1HcrBxPHG,0.798,0.828,0.0247,https://api.spotify.com/v1/audio-analysis/6i7zAdNhzUN2k1HcrBxPHG,156960,6i7zAdNhzUN2k1HcrBxPHG,2.55e-06,2,0.121,-5.36,1,0.193,124.962,4,https://api.spotify.com/v1/tracks/6i7zAdNhzUN2k1HcrBxPHG,audio_features,spotify:track:6i7zAdNhzUN2k1HcrBxPHG,0.6,"['edm', 'pop', 'pop dance', 'tropical house']"
155,113,156,Chez nous,ISK,43860,https://open.spotify.com/track/7tSvju3LNrm3Lf2aw8raG0,2,114,7tSvju3LNrm3Lf2aw8raG0,0.769,0.548,0.288,https://api.spotify.com/v1/audio-analysis/7tSvju3LNrm3Lf2aw8raG0,218278,7tSvju3LNrm3Lf2aw8raG0,0.0,11,0.116,-6.497,0,0.0556,115.928,4,https://api.spotify.com/v1/tracks/7tSvju3LNrm3Lf2aw8raG0,audio_features,spotify:track:7tSvju3LNrm3Lf2aw8raG0,0.384,"['french hip hop', 'pop urbaine', 'rap francais']"
157,114,158,Mais je t'aime,Grand Corps Malade,43765,https://open.spotify.com/track/2twcZTB1udOEzDCPpTiOju,2,115,2twcZTB1udOEzDCPpTiOju,0.476,0.412,0.796,https://api.spotify.com/v1/audio-analysis/2twcZTB1udOEzDCPpTiOju,270000,2twcZTB1udOEzDCPpTiOju,9.04e-06,9,0.112,-10.529,0,0.131,179.783,3,https://api.spotify.com/v1/tracks/2twcZTB1udOEzDCPpTiOju,audio_features,spotify:track:2twcZTB1udOEzDCPpTiOju,0.209,"['chanson', 'francoton', 'french pop', 'french rock', 'nouvelle chanson francaise']"
161,115,162,Yonaguni,Bad Bunny,43176,https://open.spotify.com/track/2JPLbjOn0wPCngEot2STUS,2,116,2JPLbjOn0wPCngEot2STUS,0.644,0.648,0.276,https://api.spotify.com/v1/audio-analysis/2JPLbjOn0wPCngEot2STUS,206710,2JPLbjOn0wPCngEot2STUS,0.0,1,0.135,-4.601,1,0.118,179.951,4,https://api.spotify.com/v1/tracks/2JPLbjOn0wPCngEot2STUS,audio_features,spotify:track:2JPLbjOn0wPCngEot2STUS,0.44,"['latin', 'reggaeton', 'trap latino']"
188,116,189,SUN GOES DOWN,Lil Nas X,40030,https://open.spotify.com/track/34eF4BoV8FPk0uhAAoqU7h,2,117,34eF4BoV8FPk0uhAAoqU7h,0.551,0.636,0.0837,https://api.spotify.com/v1/audio-analysis/34eF4BoV8FPk0uhAAoqU7h,168276,34eF4BoV8FPk0uhAAoqU7h,4.28e-06,2,0.112,-6.798,1,0.054,174.065,4,https://api.spotify.com/v1/tracks/34eF4BoV8FPk0uhAAoqU7h,audio_features,spotify:track:34eF4BoV8FPk0uhAAoqU7h,0.148,"['lgbtq+ hip hop', 'pop rap']"
194,117,195,Madame Djé (Djenaba),Vegedream,39702,https://open.spotify.com/track/2eRkKP3iv3Xb7nQunGBr6Y,2,118,2eRkKP3iv3Xb7nQunGBr6Y,0.788,0.69,0.0608,https://api.spotify.com/v1/audio-analysis/2eRkKP3iv3Xb7nQunGBr6Y,191561,2eRkKP3iv3Xb7nQunGBr6Y,8.32e-05,6,0.092,-5.637,0,0.0703,102.1,4,https://api.spotify.com/v1/tracks/2eRkKP3iv3Xb7nQunGBr6Y,audio_features,spotify:track:2eRkKP3iv3Xb7nQunGBr6Y,0.818,"['francoton', 'french hip hop', 'pop urbaine']"
196,118,197,No blata,OBOY,39364,https://open.spotify.com/track/2oAmXX6Vp4c0cHxxiU4t4f,2,119,2oAmXX6Vp4c0cHxxiU4t4f,0.888,0.364,0.367,https://api.spotify.com/v1/audio-analysis/2oAmXX6Vp4c0cHxxiU4t4f,201204,2oAmXX6Vp4c0cHxxiU4t4f,0.0,0,0.12,-9.468,0,0.0543,116.927,4,https://api.spotify.com/v1/tracks/2oAmXX6Vp4c0cHxxiU4t4f,audio_features,spotify:track:2oAmXX6Vp4c0cHxxiU4t4f,0.469,"['french hip hop', 'pop urbaine', 'rap francais']"
46,119,47,Le reste,Clara Luciani,96075,https://open.spotify.com/track/73oVDoxJHbqOIkZ0C9ir31,1,120,73oVDoxJHbqOIkZ0C9ir31,0.618,0.741,0.345,https://api.spotify.com/v1/audio-analysis/73oVDoxJHbqOIkZ0C9ir31,218133,73oVDoxJHbqOIkZ0C9ir31,0.0,0,0.719,-6.299,1,0.0493,112.955,4,https://api.spotify.com/v1/tracks/73oVDoxJHbqOIkZ0C9ir31,audio_features,spotify:track:73oVDoxJHbqOIkZ0C9ir31,0.738,"['french indie pop', 'french indietronica', 'french pop', 'nouvelle chanson francaise']"
47,120,48,Girls Like Us,Zoe Wees,95820,https://open.spotify.com/track/5SFXOMJJ334Wn2PwBHeRZN,1,121,5SFXOMJJ334Wn2PwBHeRZN,0.444,0.648,0.288,https://api.spotify.com/v1/audio-analysis/5SFXOMJJ334Wn2PwBHeRZN,189000,5SFXOMJJ334Wn2PwBHeRZN,0.0,1,0.059,-4.955,1,0.0476,125.706,5,https://api.spotify.com/v1/tracks/5SFXOMJJ334Wn2PwBHeRZN,audio_features,spotify:track:5SFXOMJJ334Wn2PwBHeRZN,0.171,['german pop']
49,121,50,Bebeto,Kendji Girac,94396,https://open.spotify.com/track/5dQIouH7fnD63c0Nd7muR5,1,122,5dQIouH7fnD63c0Nd7muR5,0.856,0.714,0.42,https://api.spotify.com/v1/audio-analysis/5dQIouH7fnD63c0Nd7muR5,205400,5dQIouH7fnD63c0Nd7muR5,3.41e-06,8,0.137,-6.139,0,0.154,110.967,4,https://api.spotify.com/v1/tracks/5dQIouH7fnD63c0Nd7muR5,audio_features,spotify:track:5dQIouH7fnD63c0Nd7muR5,0.898,"['francoton', 'french pop']"
50,122,51,Astronaut In The Ocean,Masked Wolf,93391,https://open.spotify.com/track/0BGwAKW4u8kWOhWFflZxfl,1,123,0BGwAKW4u8kWOhWFflZxfl,0.778,0.695,0.175,https://api.spotify.com/v1/audio-analysis/0BGwAKW4u8kWOhWFflZxfl,132780,0BGwAKW4u8kWOhWFflZxfl,0.0,4,0.15,-6.865,0,0.0913,149.996,4,https://api.spotify.com/v1/tracks/0BGwAKW4u8kWOhWFflZxfl,audio_features,spotify:track:0BGwAKW4u8kWOhWFflZxfl,0.472,['australian hip hop']
51,123,52,Your Love (9PM),ATB,93390,https://open.spotify.com/track/5YaskwnGDZFDRipaqzbwQx,1,124,5YaskwnGDZFDRipaqzbwQx,0.669,0.784,0.194,https://api.spotify.com/v1/audio-analysis/5YaskwnGDZFDRipaqzbwQx,150053,5YaskwnGDZFDRipaqzbwQx,6.28e-06,7,0.115,-5.603,1,0.112,125.993,4,https://api.spotify.com/v1/tracks/5YaskwnGDZFDRipaqzbwQx,audio_features,spotify:track:5YaskwnGDZFDRipaqzbwQx,0.517,"['german dance', 'german techno', 'german trance', 'trance']"
52,124,53,Follow You,Imagine Dragons,91824,https://open.spotify.com/track/7FdUvDkaE24o3FPIWTvzv2,1,125,7FdUvDkaE24o3FPIWTvzv2,0.542,0.732,0.00209,https://api.spotify.com/v1/audio-analysis/7FdUvDkaE24o3FPIWTvzv2,175644,7FdUvDkaE24o3FPIWTvzv2,7.92e-05,9,0.496,-5.956,1,0.0521,124.912,4,https://api.spotify.com/v1/tracks/7FdUvDkaE24o3FPIWTvzv2,audio_features,spotify:track:7FdUvDkaE24o3FPIWTvzv2,0.489,"['modern rock', 'pop', 'rock']"
56,125,57,Leave The Door Open,Bruno Mars,88774,https://open.spotify.com/track/7MAibcTli4IisCtbHKrGMh,1,126,7MAibcTli4IisCtbHKrGMh,0.586,0.616,0.182,https://api.spotify.com/v1/audio-analysis/7MAibcTli4IisCtbHKrGMh,242096,7MAibcTli4IisCtbHKrGMh,0.0,5,0.0927,-7.964,1,0.0324,148.088,4,https://api.spotify.com/v1/tracks/7MAibcTli4IisCtbHKrGMh,audio_features,spotify:track:7MAibcTli4IisCtbHKrGMh,0.719,"['dance pop', 'pop']"
58,126,59,Jalebi Baby (Tesher x Jason Derulo),Tesher,85646,https://open.spotify.com/track/6FvSS3Goz7OC8oCC2eWqe8,1,127,6FvSS3Goz7OC8oCC2eWqe8,0.691,0.829,0.0289,https://api.spotify.com/v1/audio-analysis/6FvSS3Goz7OC8oCC2eWqe8,169154,6FvSS3Goz7OC8oCC2eWqe8,0.0,0,0.254,-7.179,1,0.0412,93.059,4,https://api.spotify.com/v1/tracks/6FvSS3Goz7OC8oCC2eWqe8,audio_features,spotify:track:6FvSS3Goz7OC8oCC2eWqe8,0.866,['desi pop']
61,127,62,Seven Nation Army,Gaullin,84001,https://open.spotify.com/track/4SCbD68sf3dBfaE2X8uDSP,1,128,4SCbD68sf3dBfaE2X8uDSP,0.822,0.89,0.0382,https://api.spotify.com/v1/audio-analysis/4SCbD68sf3dBfaE2X8uDSP,173659,4SCbD68sf3dBfaE2X8uDSP,0.00206,4,0.106,-2.757,1,0.112,122.989,4,https://api.spotify.com/v1/tracks/4SCbD68sf3dBfaE2X8uDSP,audio_features,spotify:track:4SCbD68sf3dBfaE2X8uDSP,0.218,"['edm', 'lithuanian edm', 'lithuanian electronic', 'pop dance']"
63,128,64,Attrape-moi si tu peux,Sofiane,81686,https://open.spotify.com/track/6LuAtG9sa0aU8GTMd9CQnO,1,129,6LuAtG9sa0aU8GTMd9CQnO,0.763,0.667,0.395,https://api.spotify.com/v1/audio-analysis/6LuAtG9sa0aU8GTMd9CQnO,211920,6LuAtG9sa0aU8GTMd9CQnO,0.0,9,0.344,-6.822,0,0.359,109.176,4,https://api.spotify.com/v1/tracks/6LuAtG9sa0aU8GTMd9CQnO,audio_features,spotify:track:6LuAtG9sa0aU8GTMd9CQnO,0.331,"['francoton', 'french hip hop', 'french pop', 'pop urbaine', 'rap conscient', 'rap francais']"
65,129,66,Essaie encore,Imen Es,77541,https://open.spotify.com/track/7xFEyavPtivXc8yFqEZJpJ,1,130,7xFEyavPtivXc8yFqEZJpJ,0.712,0.727,0.196,https://api.spotify.com/v1/audio-analysis/7xFEyavPtivXc8yFqEZJpJ,219056,7xFEyavPtivXc8yFqEZJpJ,0.0,11,0.127,-6.856,0,0.0765,144.051,4,https://api.spotify.com/v1/tracks/7xFEyavPtivXc8yFqEZJpJ,audio_features,spotify:track:7xFEyavPtivXc8yFqEZJpJ,0.477,"['francoton', 'pop urbaine']"
68,130,69,Pousse toi,Tiakola,75580,https://open.spotify.com/track/48ghUr9q4ZCKTGEGzdZJlj,1,131,48ghUr9q4ZCKTGEGzdZJlj,0.871,0.528,0.339,https://api.spotify.com/v1/audio-analysis/48ghUr9q4ZCKTGEGzdZJlj,180688,48ghUr9q4ZCKTGEGzdZJlj,0.0,9,0.0792,-8.474,1,0.219,137.945,4,https://api.spotify.com/v1/tracks/48ghUr9q4ZCKTGEGzdZJlj,audio_features,spotify:track:48ghUr9q4ZCKTGEGzdZJlj,0.498,[]
69,131,70,Je t’aime de ouf,Wejdene,74812,https://open.spotify.com/track/5BUl0EBl4tOmPtT9IN0UUP,1,132,5BUl0EBl4tOmPtT9IN0UUP,0.623,0.346,0.896,https://api.spotify.com/v1/audio-analysis/5BUl0EBl4tOmPtT9IN0UUP,169186,5BUl0EBl4tOmPtT9IN0UUP,0.0,2,0.116,-9.881,0,0.0682,84.621,5,https://api.spotify.com/v1/tracks/5BUl0EBl4tOmPtT9IN0UUP,audio_features,spotify:track:5BUl0EBl4tOmPtT9IN0UUP,0.185,['francoton']
70,132,71,Selfish Love (with Selena Gomez),DJ Snake,72619,https://open.spotify.com/track/3XoflnowYPFRPOh3uFvHcm,1,133,3XoflnowYPFRPOh3uFvHcm,0.723,0.646,0.0206,https://api.spotify.com/v1/audio-analysis/3XoflnowYPFRPOh3uFvHcm,168649,3XoflnowYPFRPOh3uFvHcm,0.352,5,0.0994,-7.973,0,0.102,110.971,4,https://api.spotify.com/v1/tracks/3XoflnowYPFRPOh3uFvHcm,audio_features,spotify:track:3XoflnowYPFRPOh3uFvHcm,0.443,"['dance pop', 'edm', 'electronic trap', 'pop', 'pop dance', 'pop rap']"
71,133,72,Run,OneRepublic,71974,https://open.spotify.com/track/2UbVnbE5FH6008mAm6Mmgw,1,134,2UbVnbE5FH6008mAm6Mmgw,0.682,0.72,0.326,https://api.spotify.com/v1/audio-analysis/2UbVnbE5FH6008mAm6Mmgw,169011,2UbVnbE5FH6008mAm6Mmgw,0.0,11,0.148,-8.173,0,0.0381,117.003,4,https://api.spotify.com/v1/tracks/2UbVnbE5FH6008mAm6Mmgw,audio_features,spotify:track:2UbVnbE5FH6008mAm6Mmgw,0.673,"['dance pop', 'piano rock', 'pop', 'pop rock']"
72,134,73,Elle m'a dit,Dj Quick,71288,https://open.spotify.com/track/09f02rYzeovvXJ0ubL4X44,1,135,09f02rYzeovvXJ0ubL4X44,0.696,0.57,0.511,https://api.spotify.com/v1/audio-analysis/09f02rYzeovvXJ0ubL4X44,225138,09f02rYzeovvXJ0ubL4X44,0.0,2,0.121,-8.485,0,0.161,113.246,5,https://api.spotify.com/v1/tracks/09f02rYzeovvXJ0ubL4X44,audio_features,spotify:track:09f02rYzeovvXJ0ubL4X44,0.321,"['francoton', 'french hip hop', 'pop urbaine', 'rap francais']"
73,135,74,"1,2,3",Amel Bent,70008,https://open.spotify.com/track/7uCLrBdy5FH6T7vcJzqRd7,1,136,7uCLrBdy5FH6T7vcJzqRd7,0.722,0.497,0.767,https://api.spotify.com/v1/audio-analysis/7uCLrBdy5FH6T7vcJzqRd7,225998,7uCLrBdy5FH6T7vcJzqRd7,0.0,10,0.122,-7.779,0,0.0632,147.794,4,https://api.spotify.com/v1/tracks/7uCLrBdy5FH6T7vcJzqRd7,audio_features,spotify:track:7uCLrBdy5FH6T7vcJzqRd7,0.684,"['chanson', 'francoton', 'french pop']"
74,136,75,Arcade,Duncan Laurence,69423,https://open.spotify.com/track/1J14CdDAvBTE1AJYUOwl6C,1,137,1J14CdDAvBTE1AJYUOwl6C,0.453,0.35,0.827,https://api.spotify.com/v1/audio-analysis/1J14CdDAvBTE1AJYUOwl6C,185147,1J14CdDAvBTE1AJYUOwl6C,0.00122,9,0.144,-11.639,0,0.0425,72.017,3,https://api.spotify.com/v1/tracks/1J14CdDAvBTE1AJYUOwl6C,audio_features,spotify:track:1J14CdDAvBTE1AJYUOwl6C,0.279,['dutch pop']
75,137,76,By Your Side (feat. Tom Grennan),Calvin Harris,69079,https://open.spotify.com/track/0vR2rIVORmgeKiGIgNT0fV,1,138,0vR2rIVORmgeKiGIgNT0fV,0.733,0.96,0.0514,https://api.spotify.com/v1/audio-analysis/0vR2rIVORmgeKiGIgNT0fV,189672,0vR2rIVORmgeKiGIgNT0fV,0.00199,7,0.287,-3.597,1,0.0295,124.01,4,https://api.spotify.com/v1/tracks/0vR2rIVORmgeKiGIgNT0fV,audio_features,spotify:track:0vR2rIVORmgeKiGIgNT0fV,0.811,"['dance pop', 'edm', 'electro house', 'house', 'pop', 'pop dance', 'progressive house', 'uk dance']"
76,138,77,GIRL LIKE ME,Black Eyed Peas,68888,https://open.spotify.com/track/2vBET2pmrQqafaS6zIaYta,1,139,2vBET2pmrQqafaS6zIaYta,0.964,0.486,0.0194,https://api.spotify.com/v1/audio-analysis/2vBET2pmrQqafaS6zIaYta,220659,2vBET2pmrQqafaS6zIaYta,0.04,2,0.0694,-8.891,1,0.188,124.058,4,https://api.spotify.com/v1/tracks/2vBET2pmrQqafaS6zIaYta,audio_features,spotify:track:2vBET2pmrQqafaS6zIaYta,0.318,"['dance pop', 'pop', 'pop rap']"
77,139,78,Watermelon Sugar,Harry Styles,68644,https://open.spotify.com/track/6UelLqGlWMcVH1E5c4H7lY,1,140,6UelLqGlWMcVH1E5c4H7lY,0.548,0.816,0.122,https://api.spotify.com/v1/audio-analysis/6UelLqGlWMcVH1E5c4H7lY,174000,6UelLqGlWMcVH1E5c4H7lY,0.0,0,0.335,-4.209,1,0.0465,95.39,4,https://api.spotify.com/v1/tracks/6UelLqGlWMcVH1E5c4H7lY,audio_features,spotify:track:6UelLqGlWMcVH1E5c4H7lY,0.557,"['pop', 'post-teen pop']"
79,140,80,BELLE,GIMS,66880,https://open.spotify.com/track/41xAUseykaaSdmry5hVOkV,1,141,41xAUseykaaSdmry5hVOkV,0.503,0.588,0.797,https://api.spotify.com/v1/audio-analysis/41xAUseykaaSdmry5hVOkV,266453,41xAUseykaaSdmry5hVOkV,0.0,3,0.18,-5.804,1,0.0527,168.025,4,https://api.spotify.com/v1/tracks/41xAUseykaaSdmry5hVOkV,audio_features,spotify:track:41xAUseykaaSdmry5hVOkV,0.404,"['francoton', 'french hip hop', 'rap conscient']"
80,141,81,Dance Monkey,Tones And I,66269,https://open.spotify.com/track/1rgnBhdG2JDFTbYkYRZAku,1,142,1rgnBhdG2JDFTbYkYRZAku,0.825,0.593,0.688,https://api.spotify.com/v1/audio-analysis/1rgnBhdG2JDFTbYkYRZAku,209755,1rgnBhdG2JDFTbYkYRZAku,0.000161,6,0.17,-6.401,0,0.0988,98.078,4,https://api.spotify.com/v1/tracks/1rgnBhdG2JDFTbYkYRZAku,audio_features,spotify:track:1rgnBhdG2JDFTbYkYRZAku,0.54,"['australian pop', 'pop']"
81,142,82,Minefields,Faouzia,66250,https://open.spotify.com/track/1OU4E4HiVjdak0mL4blVWT,1,143,1OU4E4HiVjdak0mL4blVWT,0.476,0.686,0.183,https://api.spotify.com/v1/audio-analysis/1OU4E4HiVjdak0mL4blVWT,190606,1OU4E4HiVjdak0mL4blVWT,0.0,1,0.0997,-5.019,0,0.11,152.617,4,https://api.spotify.com/v1/tracks/1OU4E4HiVjdak0mL4blVWT,audio_features,spotify:track:1OU4E4HiVjdak0mL4blVWT,0.243,"['alt z', 'canadian pop', 'pop']"
84,143,85,Pilote (feat. Hamza),PLK,65546,https://open.spotify.com/track/12GV2Wr4p1hBWQCrQcVsew,1,144,12GV2Wr4p1hBWQCrQcVsew,0.844,0.562,0.217,https://api.spotify.com/v1/audio-analysis/12GV2Wr4p1hBWQCrQcVsew,187307,12GV2Wr4p1hBWQCrQcVsew,0.000636,2,0.114,-7.744,0,0.137,94.976,4,https://api.spotify.com/v1/tracks/12GV2Wr4p1hBWQCrQcVsew,audio_features,spotify:track:12GV2Wr4p1hBWQCrQcVsew,0.574,"['french hip hop', 'pop urbaine', 'rap conscient', 'rap francais']"
87,144,88,Mendosa (feat. Ninho),Dadinho,63933,https://open.spotify.com/track/2uo8wd7CvYhsSC8ofXp04R,1,145,2uo8wd7CvYhsSC8ofXp04R,0.696,0.684,0.596,https://api.spotify.com/v1/audio-analysis/2uo8wd7CvYhsSC8ofXp04R,165347,2uo8wd7CvYhsSC8ofXp04R,1.47e-05,11,0.0766,-6.571,0,0.143,145.052,4,https://api.spotify.com/v1/tracks/2uo8wd7CvYhsSC8ofXp04R,audio_features,spotify:track:2uo8wd7CvYhsSC8ofXp04R,0.74,['pop urbaine']
88,145,89,Daddy,SDM,62691,https://open.spotify.com/track/2iPFEYnitXLl4lSxvqZI3m,1,146,2iPFEYnitXLl4lSxvqZI3m,0.773,0.709,0.564,https://api.spotify.com/v1/audio-analysis/2iPFEYnitXLl4lSxvqZI3m,158368,2iPFEYnitXLl4lSxvqZI3m,0.0,4,0.116,-6.857,0,0.259,82.019,4,https://api.spotify.com/v1/tracks/2iPFEYnitXLl4lSxvqZI3m,audio_features,spotify:track:2iPFEYnitXLl4lSxvqZI3m,0.521,"['french hip hop', 'pop urbaine', 'rap francais']"
89,146,90,STUNTMEN (feat. Alpha Wann & Wit.),Laylow,62336,https://open.spotify.com/track/0jPkFaUB4hlHROZG7KWnNa,1,147,0jPkFaUB4hlHROZG7KWnNa,0.885,0.611,0.0573,https://api.spotify.com/v1/audio-analysis/0jPkFaUB4hlHROZG7KWnNa,213947,0jPkFaUB4hlHROZG7KWnNa,3.68e-06,8,0.374,-7.954,1,0.35,130.021,4,https://api.spotify.com/v1/tracks/0jPkFaUB4hlHROZG7KWnNa,audio_features,spotify:track:0jPkFaUB4hlHROZG7KWnNa,0.631,"['french hip hop', 'pop urbaine', 'rap calme', 'rap francais']"
93,147,94,À cœur ouvert,Djadja & Dinaz,57856,https://open.spotify.com/track/1j9kCQ1R2mh2AAieXmZOZ5,1,148,1j9kCQ1R2mh2AAieXmZOZ5,0.782,0.549,0.416,https://api.spotify.com/v1/audio-analysis/1j9kCQ1R2mh2AAieXmZOZ5,165520,1j9kCQ1R2mh2AAieXmZOZ5,3.25e-05,4,0.087,-7.527,0,0.114,139.021,4,https://api.spotify.com/v1/tracks/1j9kCQ1R2mh2AAieXmZOZ5,audio_features,spotify:track:1j9kCQ1R2mh2AAieXmZOZ5,0.717,"['french hip hop', 'pop urbaine', 'rap conscient', 'rap francais']"
96,148,97,Mood (feat. iann dior),24kGoldn,56646,https://open.spotify.com/track/4jPy3l0RUwlUI9T5XHBW2m,1,149,4jPy3l0RUwlUI9T5XHBW2m,0.701,0.716,0.174,https://api.spotify.com/v1/audio-analysis/4jPy3l0RUwlUI9T5XHBW2m,140533,4jPy3l0RUwlUI9T5XHBW2m,0.0,7,0.324,-3.671,0,0.0361,91.007,4,https://api.spotify.com/v1/tracks/4jPy3l0RUwlUI9T5XHBW2m,audio_features,spotify:track:4jPy3l0RUwlUI9T5XHBW2m,0.732,['cali rap']
99,149,100,River,Tom Gregory,55581,https://open.spotify.com/track/6jmIUrOD5seJEh6Z6RP2xz,1,150,6jmIUrOD5seJEh6Z6RP2xz,0.701,0.616,0.0232,https://api.spotify.com/v1/audio-analysis/6jmIUrOD5seJEh6Z6RP2xz,190000,6jmIUrOD5seJEh6Z6RP2xz,0.0,10,0.235,-4.972,1,0.0564,110.037,4,https://api.spotify.com/v1/tracks/6jmIUrOD5seJEh6Z6RP2xz,audio_features,spotify:track:6jmIUrOD5seJEh6Z6RP2xz,0.496,"['tropical house', 'uk pop']"
104,150,105,Build a Bitch,Bella Poarch,53723,https://open.spotify.com/track/7BoobGhD4x5K96Me0hqC8Q,1,151,7BoobGhD4x5K96Me0hqC8Q,0.855,0.463,0.217,https://api.spotify.com/v1/audio-analysis/7BoobGhD4x5K96Me0hqC8Q,122773,7BoobGhD4x5K96Me0hqC8Q,1.77e-05,3,0.347,-7.454,1,0.0367,102.931,4,https://api.spotify.com/v1/tracks/7BoobGhD4x5K96Me0hqC8Q,audio_features,spotify:track:7BoobGhD4x5K96Me0hqC8Q,0.866,[]
105,151,106,Sirène,Larry,53676,https://open.spotify.com/track/0YBQKyzpWGDivSdi0OaXiH,1,152,0YBQKyzpWGDivSdi0OaXiH,0.756,0.639,0.397,https://api.spotify.com/v1/audio-analysis/0YBQKyzpWGDivSdi0OaXiH,193840,0YBQKyzpWGDivSdi0OaXiH,0.0,1,0.076,-7.722,1,0.0513,89.997,4,https://api.spotify.com/v1/tracks/0YBQKyzpWGDivSdi0OaXiH,audio_features,spotify:track:0YBQKyzpWGDivSdi0OaXiH,0.636,"['cali rap', 'underground hip hop']"
110,152,111,WITHOUT YOU,The Kid LAROI,52194,https://open.spotify.com/track/27OeeYzk6klgBh83TSvGMA,1,153,27OeeYzk6klgBh83TSvGMA,0.662,0.413,0.213,https://api.spotify.com/v1/audio-analysis/27OeeYzk6klgBh83TSvGMA,161385,27OeeYzk6klgBh83TSvGMA,0.0,0,0.134,-7.357,1,0.0299,93.005,4,https://api.spotify.com/v1/tracks/27OeeYzk6klgBh83TSvGMA,audio_features,spotify:track:27OeeYzk6klgBh83TSvGMA,0.467,['australian hip hop']
111,153,112,Alicante,Gambino,51888,https://open.spotify.com/track/6LuAw59JilwQieOcFW6vfe,1,154,6LuAw59JilwQieOcFW6vfe,0.853,0.904,0.308,https://api.spotify.com/v1/audio-analysis/6LuAw59JilwQieOcFW6vfe,193778,6LuAw59JilwQieOcFW6vfe,0.0,3,0.0852,-5.46,0,0.218,135.0,4,https://api.spotify.com/v1/tracks/6LuAw59JilwQieOcFW6vfe,audio_features,spotify:track:6LuAw59JilwQieOcFW6vfe,0.857,"['atl hip hop', 'hip hop', 'pop rap', 'rap']"
113,154,114,Titans (feat. Sia & Labrinth),Major Lazer,51595,https://open.spotify.com/track/3MCteyAIvFaMpXtHd7lmh1,1,155,3MCteyAIvFaMpXtHd7lmh1,0.722,0.858,0.0999,https://api.spotify.com/v1/audio-analysis/3MCteyAIvFaMpXtHd7lmh1,199169,3MCteyAIvFaMpXtHd7lmh1,0.00017,7,0.143,-4.891,1,0.0463,93.992,4,https://api.spotify.com/v1/tracks/3MCteyAIvFaMpXtHd7lmh1,audio_features,spotify:track:3MCteyAIvFaMpXtHd7lmh1,0.591,"['dance pop', 'edm', 'electro house', 'moombahton', 'pop', 'pop dance', 'pop rap']"
115,155,116,Tiki Taka,Benab,51544,https://open.spotify.com/track/5csxKPX4HuN8UDEdHUxcqz,1,156,5csxKPX4HuN8UDEdHUxcqz,0.828,0.68,0.149,https://api.spotify.com/v1/audio-analysis/5csxKPX4HuN8UDEdHUxcqz,193981,5csxKPX4HuN8UDEdHUxcqz,4.97e-06,0,0.118,-5.726,0,0.0383,140.023,4,https://api.spotify.com/v1/tracks/5csxKPX4HuN8UDEdHUxcqz,audio_features,spotify:track:5csxKPX4HuN8UDEdHUxcqz,0.587,"['francoton', 'french hip hop', 'pop urbaine', 'rap francais']"
117,156,118,Ani Kuni - Edit,Polo & Pan,50884,https://open.spotify.com/track/6BhwbBtaXivvPHmHCZmxkT,1,157,6BhwbBtaXivvPHmHCZmxkT,0.704,0.669,0.0862,https://api.spotify.com/v1/audio-analysis/6BhwbBtaXivvPHmHCZmxkT,169267,6BhwbBtaXivvPHmHCZmxkT,0.348,0,0.108,-5.691,1,0.0309,121.005,4,https://api.spotify.com/v1/tracks/6BhwbBtaXivvPHmHCZmxkT,audio_features,spotify:track:6BhwbBtaXivvPHmHCZmxkT,0.305,"['dark disco', 'electro-pop francais', 'french indie pop', 'french indietronica', 'new french touch']"
119,157,120,Angela,Hatik,50772,https://open.spotify.com/track/6ab3CQvDlAVttThZucwGQ1,1,158,6ab3CQvDlAVttThZucwGQ1,0.65,0.469,0.702,https://api.spotify.com/v1/audio-analysis/6ab3CQvDlAVttThZucwGQ1,236000,6ab3CQvDlAVttThZucwGQ1,0.249,2,0.106,-8.676,0,0.184,191.853,4,https://api.spotify.com/v1/tracks/6ab3CQvDlAVttThZucwGQ1,audio_features,spotify:track:6ab3CQvDlAVttThZucwGQ1,0.378,"['francoton', 'french hip hop', 'pop urbaine']"
120,158,121,Joli bébé,Naza,50656,https://open.spotify.com/track/1J4oMIhWDUd9cI1urhEyjl,1,159,1J4oMIhWDUd9cI1urhEyjl,0.689,0.623,0.586,https://api.spotify.com/v1/audio-analysis/1J4oMIhWDUd9cI1urhEyjl,178333,1J4oMIhWDUd9cI1urhEyjl,0.0,1,0.103,-7.206,0,0.129,154.95,4,https://api.spotify.com/v1/tracks/1J4oMIhWDUd9cI1urhEyjl,audio_features,spotify:track:1J4oMIhWDUd9cI1urhEyjl,0.26,"['album rock', 'blues rock', 'classic rock', 'hard rock', 'mellow gold', 'metal', 'rock']"
121,159,122,Kimono (feat. SCH et Ninho),Sadek,49812,https://open.spotify.com/track/54rHJPDt8DUE2RtSg6Bsrf,1,160,54rHJPDt8DUE2RtSg6Bsrf,0.514,0.588,0.0992,https://api.spotify.com/v1/audio-analysis/54rHJPDt8DUE2RtSg6Bsrf,345173,54rHJPDt8DUE2RtSg6Bsrf,0.0,10,0.172,-8.259,0,0.322,117.419,4,https://api.spotify.com/v1/tracks/54rHJPDt8DUE2RtSg6Bsrf,audio_features,spotify:track:54rHJPDt8DUE2RtSg6Bsrf,0.401,"['francoton', 'french hip hop', 'pop urbaine', 'rap francais']"
131,160,132,Del Mar,Ozuna,48211,https://open.spotify.com/track/5cpJFiNwYyWwFLH0V6B3N8,1,161,5cpJFiNwYyWwFLH0V6B3N8,0.759,0.636,0.0224,https://api.spotify.com/v1/audio-analysis/5cpJFiNwYyWwFLH0V6B3N8,214507,5cpJFiNwYyWwFLH0V6B3N8,0.000143,6,0.166,-5.585,1,0.0369,109.976,4,https://api.spotify.com/v1/tracks/5cpJFiNwYyWwFLH0V6B3N8,audio_features,spotify:track:5cpJFiNwYyWwFLH0V6B3N8,0.536,"['latin', 'puerto rican pop', 'reggaeton', 'trap latino']"
132,161,133,Wellerman - Sea Shanty / 220 KID x Billen Ted Remix,Nathan Evans,47870,https://open.spotify.com/track/3iw6V4LH7yPj1ESORX9RIN,1,162,3iw6V4LH7yPj1ESORX9RIN,0.722,0.893,0.0441,https://api.spotify.com/v1/audio-analysis/3iw6V4LH7yPj1ESORX9RIN,116750,3iw6V4LH7yPj1ESORX9RIN,0.000937,0,0.0673,-3.255,0,0.0475,119.932,4,https://api.spotify.com/v1/tracks/3iw6V4LH7yPj1ESORX9RIN,audio_features,spotify:track:3iw6V4LH7yPj1ESORX9RIN,0.439,[]
134,162,135,Butter,BTS,47441,https://open.spotify.com/track/2bgTY4UwhfBYhGT4HUYStN,1,163,2bgTY4UwhfBYhGT4HUYStN,0.759,0.459,0.00323,https://api.spotify.com/v1/audio-analysis/2bgTY4UwhfBYhGT4HUYStN,164442,2bgTY4UwhfBYhGT4HUYStN,0.0,8,0.0906,-5.187,1,0.0948,109.997,4,https://api.spotify.com/v1/tracks/2bgTY4UwhfBYhGT4HUYStN,audio_features,spotify:track:2bgTY4UwhfBYhGT4HUYStN,0.695,"['k-pop', 'k-pop boy group']"
135,163,136,J't'emmène au vent,Louise Attaque,47343,https://open.spotify.com/track/0Wr98MVkENZXddiLB3bPb0,1,164,0Wr98MVkENZXddiLB3bPb0,0.567,0.771,0.252,https://api.spotify.com/v1/audio-analysis/0Wr98MVkENZXddiLB3bPb0,184173,0Wr98MVkENZXddiLB3bPb0,0.0,6,0.101,-5.577,1,0.0365,137.014,4,https://api.spotify.com/v1/tracks/0Wr98MVkENZXddiLB3bPb0,audio_features,spotify:track:0Wr98MVkENZXddiLB3bPb0,0.596,"['chanson', 'french pop', 'french reggae', 'french rock']"
136,164,137,Elles ont trop joué avec mon cœur,Jok'air,47304,https://open.spotify.com/track/5SqR7dxbJiTSadTaVEhZ04,1,165,5SqR7dxbJiTSadTaVEhZ04,0.69,0.567,0.155,https://api.spotify.com/v1/audio-analysis/5SqR7dxbJiTSadTaVEhZ04,223453,5SqR7dxbJiTSadTaVEhZ04,0.0397,6,0.127,-7.979,1,0.0471,152.056,4,https://api.spotify.com/v1/tracks/5SqR7dxbJiTSadTaVEhZ04,audio_features,spotify:track:5SqR7dxbJiTSadTaVEhZ04,0.426,"['francoton', 'french hip hop', 'pop urbaine', 'rap calme', 'rap francais']"
138,165,139,9 1 1 3 (feat. SCH),Zola,46813,https://open.spotify.com/track/3WCMzZvH2zK476lasbLx0s,1,166,3WCMzZvH2zK476lasbLx0s,0.907,0.63,0.174,https://api.spotify.com/v1/audio-analysis/3WCMzZvH2zK476lasbLx0s,159013,3WCMzZvH2zK476lasbLx0s,0.000293,6,0.376,-6.669,0,0.243,100.941,4,https://api.spotify.com/v1/tracks/3WCMzZvH2zK476lasbLx0s,audio_features,spotify:track:3WCMzZvH2zK476lasbLx0s,0.388,"['electronica', 'vapor pop', 'vapor soul']"
140,166,141,Cosmos - feat. PLK,Rim'K,46723,https://open.spotify.com/track/5hM1Bta5Ej1rRyOXStRIzH,1,167,5hM1Bta5Ej1rRyOXStRIzH,0.912,0.506,0.281,https://api.spotify.com/v1/audio-analysis/5hM1Bta5Ej1rRyOXStRIzH,183187,5hM1Bta5Ej1rRyOXStRIzH,0.000253,8,0.163,-9.284,1,0.229,135.016,4,https://api.spotify.com/v1/tracks/5hM1Bta5Ej1rRyOXStRIzH,audio_features,spotify:track:5hM1Bta5Ej1rRyOXStRIzH,0.628,"['arabic hip hop', 'francoton', 'french hip hop', 'pop urbaine', 'rap algerien', 'rap francais']"
141,167,142,Whoopty,CJ,45966,https://open.spotify.com/track/1t9WgS8FN0534tLBRwbaxO,1,168,1t9WgS8FN0534tLBRwbaxO,0.719,0.648,0.2,https://api.spotify.com/v1/audio-analysis/1t9WgS8FN0534tLBRwbaxO,123263,1t9WgS8FN0534tLBRwbaxO,0.0,3,0.127,-7.6,0,0.125,140.201,4,https://api.spotify.com/v1/tracks/1t9WgS8FN0534tLBRwbaxO,audio_features,spotify:track:1t9WgS8FN0534tLBRwbaxO,0.66,['nyc rap']
142,168,143,C.M.B.B (C'est Marseille Bébé) [feat. Kofs],DJ Abdel,45818,https://open.spotify.com/track/6XxL21vmx3IJzOoWzYdaF4,1,169,6XxL21vmx3IJzOoWzYdaF4,0.854,0.911,0.135,https://api.spotify.com/v1/audio-analysis/6XxL21vmx3IJzOoWzYdaF4,172080,6XxL21vmx3IJzOoWzYdaF4,0.0,5,0.165,-4.199,1,0.0578,120.025,4,https://api.spotify.com/v1/tracks/6XxL21vmx3IJzOoWzYdaF4,audio_features,spotify:track:6XxL21vmx3IJzOoWzYdaF4,0.88,"['french pop', 'rap marseille']"
144,169,145,We Are The People (feat. Bono & The Edge) - Official UEFA EURO 2020 Song,Martin Garrix,45703,https://open.spotify.com/track/2iL0W5qi0ivZ9WRXbZ74cS,1,170,2iL0W5qi0ivZ9WRXbZ74cS,0.66,0.733,0.248,https://api.spotify.com/v1/audio-analysis/2iL0W5qi0ivZ9WRXbZ74cS,217000,2iL0W5qi0ivZ9WRXbZ74cS,8.96e-06,0,0.17,-4.619,1,0.0359,119.933,4,https://api.spotify.com/v1/tracks/2iL0W5qi0ivZ9WRXbZ74cS,audio_features,spotify:track:2iL0W5qi0ivZ9WRXbZ74cS,0.304,"['dance pop', 'dutch edm', 'edm', 'pop', 'pop dance', 'progressive house', 'tropical house']"
147,170,148,The Business,Tiësto,45145,https://open.spotify.com/track/6f3Slt0GbA2bPZlz0aIFXN,1,171,6f3Slt0GbA2bPZlz0aIFXN,0.798,0.62,0.414,https://api.spotify.com/v1/audio-analysis/6f3Slt0GbA2bPZlz0aIFXN,164000,6f3Slt0GbA2bPZlz0aIFXN,0.0192,8,0.112,-7.079,0,0.232,120.031,4,https://api.spotify.com/v1/tracks/6f3Slt0GbA2bPZlz0aIFXN,audio_features,spotify:track:6f3Slt0GbA2bPZlz0aIFXN,0.235,"['big room', 'brostep', 'dance pop', 'dutch edm', 'edm', 'house', 'pop dance', 'slap house', 'trance', 'tropical house']"
148,171,149,Roses - Imanbek Remix,SAINt JHN,45123,https://open.spotify.com/track/0zLCBJZSiELJf02ucPP9wb,1,172,0zLCBJZSiELJf02ucPP9wb,0.769,0.719,0.0143,https://api.spotify.com/v1/audio-analysis/0zLCBJZSiELJf02ucPP9wb,176867,0zLCBJZSiELJf02ucPP9wb,0.00777,8,0.359,-5.472,1,0.0474,121.955,4,https://api.spotify.com/v1/tracks/0zLCBJZSiELJf02ucPP9wb,audio_features,spotify:track:0zLCBJZSiELJf02ucPP9wb,0.863,"['melodic rap', 'pop rap', 'rap', 'slap house']"
149,172,150,Can't Hold Us - feat. Ray Dalton,Macklemore & Ryan Lewis,44839,https://open.spotify.com/track/3bidbhpOYeV4knp8AIu8Xn,1,173,3bidbhpOYeV4knp8AIu8Xn,0.641,0.922,0.0291,https://api.spotify.com/v1/audio-analysis/3bidbhpOYeV4knp8AIu8Xn,258343,3bidbhpOYeV4knp8AIu8Xn,0.0,2,0.0862,-4.457,1,0.0786,146.078,4,https://api.spotify.com/v1/tracks/3bidbhpOYeV4knp8AIu8Xn,audio_features,spotify:track:3bidbhpOYeV4knp8AIu8Xn,0.847,"['modern rock', 'pop rap', 'seattle hip hop']"
150,173,151,Jerusalema (feat. Nomcebo Zikode),Master KG,44804,https://open.spotify.com/track/2MlOUXmcofMackX3bxfSwi,1,174,2MlOUXmcofMackX3bxfSwi,0.88,0.483,0.0185,https://api.spotify.com/v1/audio-analysis/2MlOUXmcofMackX3bxfSwi,342613,2MlOUXmcofMackX3bxfSwi,8.68e-06,1,0.0607,-7.012,1,0.0505,124.009,4,https://api.spotify.com/v1/tracks/2MlOUXmcofMackX3bxfSwi,audio_features,spotify:track:2MlOUXmcofMackX3bxfSwi,0.827,['south african house']
152,174,153,EVIDEMMENT,Green Montana,44554,https://open.spotify.com/track/4azG4CFB2tCEnfjagXSraz,1,175,4azG4CFB2tCEnfjagXSraz,0.793,0.692,0.476,https://api.spotify.com/v1/audio-analysis/4azG4CFB2tCEnfjagXSraz,173213,4azG4CFB2tCEnfjagXSraz,4.18e-06,4,0.0973,-6.492,0,0.0977,92.024,4,https://api.spotify.com/v1/tracks/4azG4CFB2tCEnfjagXSraz,audio_features,spotify:track:4azG4CFB2tCEnfjagXSraz,0.215,"['belgian hip hop', 'french hip hop', 'pop urbaine', 'rap belge', 'rap calme', 'rap francais']"
153,175,154,Ne reviens pas,Gradur,44500,https://open.spotify.com/track/4TnFANpjVwVKWzkxNzIyFH,1,176,4TnFANpjVwVKWzkxNzIyFH,0.932,0.778,0.212,https://api.spotify.com/v1/audio-analysis/4TnFANpjVwVKWzkxNzIyFH,188613,4TnFANpjVwVKWzkxNzIyFH,0.0,10,0.168,-3.384,0,0.0638,124.996,4,https://api.spotify.com/v1/tracks/4TnFANpjVwVKWzkxNzIyFH,audio_features,spotify:track:4TnFANpjVwVKWzkxNzIyFH,0.933,"['francoton', 'french hip hop', 'pop urbaine', 'rap francais']"
158,176,159,Footballeur,Vald,43419,https://open.spotify.com/track/2UnICGCIkxYsWnQ7taGnsN,1,177,2UnICGCIkxYsWnQ7taGnsN,0.746,0.516,0.47,https://api.spotify.com/v1/audio-analysis/2UnICGCIkxYsWnQ7taGnsN,194920,2UnICGCIkxYsWnQ7taGnsN,0.0,1,0.23,-4.655,0,0.0462,148.156,4,https://api.spotify.com/v1/tracks/2UnICGCIkxYsWnQ7taGnsN,audio_features,spotify:track:2UnICGCIkxYsWnQ7taGnsN,0.651,"['french hip hop', 'pop urbaine', 'rap conscient', 'rap francais']"
159,177,160,"Lemonade (feat. Gunna, Don Toliver & NAV)",Internet Money,43316,https://open.spotify.com/track/7hxHWCCAIIxFLCzvDgnQHX,1,178,7hxHWCCAIIxFLCzvDgnQHX,0.8,0.658,0.25,https://api.spotify.com/v1/audio-analysis/7hxHWCCAIIxFLCzvDgnQHX,195429,7hxHWCCAIIxFLCzvDgnQHX,0.0,1,0.111,-6.142,0,0.079,140.042,4,https://api.spotify.com/v1/tracks/7hxHWCCAIIxFLCzvDgnQHX,audio_features,spotify:track:7hxHWCCAIIxFLCzvDgnQHX,0.462,"['pop rap', 'rap', 'trap']"
160,178,161,Dior,Pop Smoke,43209,https://open.spotify.com/track/79s5XnCN4TJKTVMSmOx8Ep,1,179,79s5XnCN4TJKTVMSmOx8Ep,0.548,0.805,0.212,https://api.spotify.com/v1/audio-analysis/79s5XnCN4TJKTVMSmOx8Ep,216387,79s5XnCN4TJKTVMSmOx8Ep,0.000389,7,0.408,-5.732,1,0.351,142.094,4,https://api.spotify.com/v1/tracks/79s5XnCN4TJKTVMSmOx8Ep,audio_features,spotify:track:79s5XnCN4TJKTVMSmOx8Ep,0.648,['brooklyn drill']
163,179,164,Djomb - Bien ou quoi,Bosh,42803,https://open.spotify.com/track/0KBwGCY9RYD9t2zjeW4h48,1,180,0KBwGCY9RYD9t2zjeW4h48,0.945,0.676,0.172,https://api.spotify.com/v1/audio-analysis/0KBwGCY9RYD9t2zjeW4h48,141893,0KBwGCY9RYD9t2zjeW4h48,0.00036,1,0.322,-6.6,1,0.207,123.109,4,https://api.spotify.com/v1/tracks/0KBwGCY9RYD9t2zjeW4h48,audio_features,spotify:track:0KBwGCY9RYD9t2zjeW4h48,0.631,"['francoton', 'french hip hop', 'pop urbaine', 'rap francais']"
166,180,167,LOPSA STORY,1PLIKÉ140,42363,https://open.spotify.com/track/5IDnEkOCdOp1F0XTAMG3Rk,1,181,5IDnEkOCdOp1F0XTAMG3Rk,0.793,0.421,0.816,https://api.spotify.com/v1/audio-analysis/5IDnEkOCdOp1F0XTAMG3Rk,176280,5IDnEkOCdOp1F0XTAMG3Rk,0.0,11,0.121,-8.559,0,0.308,99.806,4,https://api.spotify.com/v1/tracks/5IDnEkOCdOp1F0XTAMG3Rk,audio_features,spotify:track:5IDnEkOCdOp1F0XTAMG3Rk,0.419,"['drill francais', 'french hip hop', 'pop urbaine', 'rap francais']"
167,181,168,Cœur noir,Eva,42132,https://open.spotify.com/track/0Z8DRG0HgZJ1bIhCQqyzPo,1,182,0Z8DRG0HgZJ1bIhCQqyzPo,0.59,0.539,0.679,https://api.spotify.com/v1/audio-analysis/0Z8DRG0HgZJ1bIhCQqyzPo,179555,0Z8DRG0HgZJ1bIhCQqyzPo,0.0,8,0.0896,-6.229,0,0.0585,87.922,4,https://api.spotify.com/v1/tracks/0Z8DRG0HgZJ1bIhCQqyzPo,audio_features,spotify:track:0Z8DRG0HgZJ1bIhCQqyzPo,0.457,['alternative metal']
168,182,169,Wati by Night,Sexion d'Assaut,42119,https://open.spotify.com/track/4g0kyRLFKBYFxDF1vCxj8v,1,183,4g0kyRLFKBYFxDF1vCxj8v,0.932,0.756,0.15,https://api.spotify.com/v1/audio-analysis/4g0kyRLFKBYFxDF1vCxj8v,248853,4g0kyRLFKBYFxDF1vCxj8v,0.0,2,0.0232,-2.607,1,0.15,114.986,4,https://api.spotify.com/v1/tracks/4g0kyRLFKBYFxDF1vCxj8v,audio_features,spotify:track:4g0kyRLFKBYFxDF1vCxj8v,0.759,"['francoton', 'french hip hop', 'french pop', 'pop urbaine', 'rap conscient']"
169,183,170,Baianá,Bakermat,41946,https://open.spotify.com/track/780be5fB7823aHG06mwTat,1,184,780be5fB7823aHG06mwTat,0.587,0.722,0.000754,https://api.spotify.com/v1/audio-analysis/780be5fB7823aHG06mwTat,180843,780be5fB7823aHG06mwTat,0.668,2,0.543,-6.983,0,0.0709,121.964,4,https://api.spotify.com/v1/tracks/780be5fB7823aHG06mwTat,audio_features,spotify:track:780be5fB7823aHG06mwTat,0.466,"['deep euro house', 'minimal tech house', 'new french touch', 'pop dance', 'tropical house']"
172,184,173,ROCKSTAR (feat. Roddy Ricch),DaBaby,41379,https://open.spotify.com/track/7ytR5pFWmSjzHJIeQkgog4,1,185,7ytR5pFWmSjzHJIeQkgog4,0.746,0.69,0.247,https://api.spotify.com/v1/audio-analysis/7ytR5pFWmSjzHJIeQkgog4,181733,7ytR5pFWmSjzHJIeQkgog4,0.0,11,0.101,-7.956,1,0.164,89.977,4,https://api.spotify.com/v1/tracks/7ytR5pFWmSjzHJIeQkgog4,audio_features,spotify:track:7ytR5pFWmSjzHJIeQkgog4,0.497,"['north carolina hip hop', 'rap']"
173,185,174,Hecha Pa' Mi,Boza,41241,https://open.spotify.com/track/3VvA1wSxukMLsvXoXtlwWx,1,186,3VvA1wSxukMLsvXoXtlwWx,0.725,0.756,0.362,https://api.spotify.com/v1/audio-analysis/3VvA1wSxukMLsvXoXtlwWx,186133,3VvA1wSxukMLsvXoXtlwWx,0.000685,4,0.103,-5.013,1,0.0572,100.07,4,https://api.spotify.com/v1/tracks/3VvA1wSxukMLsvXoXtlwWx,audio_features,spotify:track:3VvA1wSxukMLsvXoXtlwWx,0.828,['reggaeton']
175,186,176,À la fête,UZI,41155,https://open.spotify.com/track/5TyBXMmVCtAxpOMTCILl8C,1,187,5TyBXMmVCtAxpOMTCILl8C,0.884,0.656,0.334,https://api.spotify.com/v1/audio-analysis/5TyBXMmVCtAxpOMTCILl8C,205240,5TyBXMmVCtAxpOMTCILl8C,0.0,11,0.135,-6.707,0,0.169,100.381,3,https://api.spotify.com/v1/tracks/5TyBXMmVCtAxpOMTCILl8C,audio_features,spotify:track:5TyBXMmVCtAxpOMTCILl8C,0.431,"['melodic rap', 'philly rap', 'rap', 'trap']"
176,187,177,J'fly,Bebew,41072,https://open.spotify.com/track/2kQRGDr8EMesjnUFDKGNF3,1,188,2kQRGDr8EMesjnUFDKGNF3,0.7,0.703,0.0542,https://api.spotify.com/v1/audio-analysis/2kQRGDr8EMesjnUFDKGNF3,178200,2kQRGDr8EMesjnUFDKGNF3,1.35e-05,9,0.307,-5.987,1,0.235,100.001,4,https://api.spotify.com/v1/tracks/2kQRGDr8EMesjnUFDKGNF3,audio_features,spotify:track:2kQRGDr8EMesjnUFDKGNF3,0.79,"['dance pop', 'electropop', 'pop', 'post-teen pop']"
177,188,178,Pull Up 2.0,Kekra,40990,https://open.spotify.com/track/0n0TO1GKtlzfgxenR2P4aD,1,189,0n0TO1GKtlzfgxenR2P4aD,0.761,0.489,0.334,https://api.spotify.com/v1/audio-analysis/0n0TO1GKtlzfgxenR2P4aD,192370,0n0TO1GKtlzfgxenR2P4aD,3.12e-06,10,0.0832,-10.045,0,0.104,135.965,4,https://api.spotify.com/v1/tracks/0n0TO1GKtlzfgxenR2P4aD,audio_features,spotify:track:0n0TO1GKtlzfgxenR2P4aD,0.414,"['french hip hop', 'pop urbaine', 'rap francais']"
179,189,180,Meleğim,Soolking,40810,https://open.spotify.com/track/0BD9boQC7jUTWkAoib4Z0d,1,190,0BD9boQC7jUTWkAoib4Z0d,0.682,0.697,0.188,https://api.spotify.com/v1/audio-analysis/0BD9boQC7jUTWkAoib4Z0d,220280,0BD9boQC7jUTWkAoib4Z0d,0.0,3,0.334,-4.276,0,0.0757,95.012,4,https://api.spotify.com/v1/tracks/0BD9boQC7jUTWkAoib4Z0d,audio_features,spotify:track:0BD9boQC7jUTWkAoib4Z0d,0.57,"['francoton', 'french hip hop', 'pop urbaine', 'rap algerien', 'rap tunisien']"
180,190,181,Si tu m'aimes 2,Lynda,40583,https://open.spotify.com/track/1q9m2uGgiuKwy4t5q4v7sK,1,191,1q9m2uGgiuKwy4t5q4v7sK,0.42,0.641,0.215,https://api.spotify.com/v1/audio-analysis/1q9m2uGgiuKwy4t5q4v7sK,214160,1q9m2uGgiuKwy4t5q4v7sK,0.0,6,0.12,-4.833,0,0.0766,82.359,4,https://api.spotify.com/v1/tracks/1q9m2uGgiuKwy4t5q4v7sK,audio_features,spotify:track:1q9m2uGgiuKwy4t5q4v7sK,0.312,['southern gospel']
182,191,183,Todo De Ti,Rauw Alejandro,40479,https://open.spotify.com/track/4fSIb4hdOQ151TILNsSEaF,1,192,4fSIb4hdOQ151TILNsSEaF,0.808,0.626,0.397,https://api.spotify.com/v1/audio-analysis/4fSIb4hdOQ151TILNsSEaF,202771,4fSIb4hdOQ151TILNsSEaF,0.00584,3,0.102,-4.577,0,0.0353,127.955,4,https://api.spotify.com/v1/tracks/4fSIb4hdOQ151TILNsSEaF,audio_features,spotify:track:4fSIb4hdOQ151TILNsSEaF,0.569,"['puerto rican pop', 'trap latino']"
184,192,185,Another Love,Tom Odell,40396,https://open.spotify.com/track/7jtQIBanIiJOMS6RyCx6jZ,1,193,7jtQIBanIiJOMS6RyCx6jZ,0.442,0.538,0.717,https://api.spotify.com/v1/audio-analysis/7jtQIBanIiJOMS6RyCx6jZ,244360,7jtQIBanIiJOMS6RyCx6jZ,2.95e-05,4,0.09,-8.55,0,0.0451,122.758,4,https://api.spotify.com/v1/tracks/7jtQIBanIiJOMS6RyCx6jZ,audio_features,spotify:track:7jtQIBanIiJOMS6RyCx6jZ,0.139,['pop']
186,193,187,Sweet Dreams,Alan Walker,40184,https://open.spotify.com/track/4uDhts78RdwIDjEqPrYVKp,1,194,4uDhts78RdwIDjEqPrYVKp,0.766,0.817,0.0239,https://api.spotify.com/v1/audio-analysis/4uDhts78RdwIDjEqPrYVKp,138819,4uDhts78RdwIDjEqPrYVKp,2.49e-06,7,0.159,-4.253,1,0.035,125.033,4,https://api.spotify.com/v1/tracks/4uDhts78RdwIDjEqPrYVKp,audio_features,spotify:track:4uDhts78RdwIDjEqPrYVKp,0.43,['electro house']
187,194,188,"La vie du binks (feat. Hornet La Frappe, Leto, Sadek, Soprano)",DA Uzi,40135,https://open.spotify.com/track/4tJYqq9gYr0RATc1BpDkpy,1,195,4tJYqq9gYr0RATc1BpDkpy,0.794,0.845,0.227,https://api.spotify.com/v1/audio-analysis/4tJYqq9gYr0RATc1BpDkpy,321653,4tJYqq9gYr0RATc1BpDkpy,0.0,9,0.843,-4.646,1,0.265,138.325,4,https://api.spotify.com/v1/tracks/4tJYqq9gYr0RATc1BpDkpy,audio_features,spotify:track:4tJYqq9gYr0RATc1BpDkpy,0.627,"['french hip hop', 'pop urbaine', 'rap francais']"
190,195,191,Moulaga,Heuss L'enfoiré,39988,https://open.spotify.com/track/5BfCoUcWNXcpyJfjXRIeyC,1,196,5BfCoUcWNXcpyJfjXRIeyC,0.71,0.699,0.327,https://api.spotify.com/v1/audio-analysis/5BfCoUcWNXcpyJfjXRIeyC,179868,5BfCoUcWNXcpyJfjXRIeyC,4.64e-06,7,0.0975,-4.664,0,0.1,125.051,4,https://api.spotify.com/v1/tracks/5BfCoUcWNXcpyJfjXRIeyC,audio_features,spotify:track:5BfCoUcWNXcpyJfjXRIeyC,0.484,"['francoton', 'french hip hop', 'pop urbaine', 'rap francais']"
192,196,193,September,"Earth, Wind & Fire",39816,https://open.spotify.com/track/4f2GB5ZC7vOUYPAg69N2Xw,1,197,4f2GB5ZC7vOUYPAg69N2Xw,0.684,0.864,0.131,https://api.spotify.com/v1/audio-analysis/4f2GB5ZC7vOUYPAg69N2Xw,221520,4f2GB5ZC7vOUYPAg69N2Xw,0.00526,9,0.344,-4.819,1,0.0312,125.395,4,https://api.spotify.com/v1/tracks/4f2GB5ZC7vOUYPAg69N2Xw,audio_features,spotify:track:4f2GB5ZC7vOUYPAg69N2Xw,0.978,"['disco', 'funk', 'jazz funk', 'motown', 'quiet storm', 'soul']"
195,197,196,Heartbreak Anthem (with David Guetta & Little Mix),Galantis,39455,https://open.spotify.com/track/5K6Ssv4Z3zRvxt0P6EKUAP,1,198,5K6Ssv4Z3zRvxt0P6EKUAP,0.595,0.784,0.216,https://api.spotify.com/v1/audio-analysis/5K6Ssv4Z3zRvxt0P6EKUAP,183726,5K6Ssv4Z3zRvxt0P6EKUAP,0.0,1,0.0608,-4.878,1,0.102,124.111,4,https://api.spotify.com/v1/tracks/5K6Ssv4Z3zRvxt0P6EKUAP,audio_features,spotify:track:5K6Ssv4Z3zRvxt0P6EKUAP,0.479,"['dance pop', 'edm', 'electro house', 'pop', 'pop dance', 'tropical house']"
198,198,199,Blanche,Maes,39012,https://open.spotify.com/track/5GyyPRvEwdI4wJSUbzxHQv,1,199,5GyyPRvEwdI4wJSUbzxHQv,0.776,0.713,0.525,https://api.spotify.com/v1/audio-analysis/5GyyPRvEwdI4wJSUbzxHQv,193453,5GyyPRvEwdI4wJSUbzxHQv,0.0,4,0.306,-6.121,0,0.143,127.987,4,https://api.spotify.com/v1/tracks/5GyyPRvEwdI4wJSUbzxHQv,audio_features,spotify:track:5GyyPRvEwdI4wJSUbzxHQv,0.551,"['francoton', 'french hip hop', 'pop urbaine', 'rap francais']"
199,199,200,Galerie,Ziak,39000,https://open.spotify.com/track/2hsEYpnAtMH7CbZJajUU5C,1,200,2hsEYpnAtMH7CbZJajUU5C,0.838,0.607,0.211,https://api.spotify.com/v1/audio-analysis/2hsEYpnAtMH7CbZJajUU5C,165707,2hsEYpnAtMH7CbZJajUU5C,1.07e-05,7,0.376,-7.008,1,0.356,141.054,4,https://api.spotify.com/v1/tracks/2hsEYpnAtMH7CbZJajUU5C,audio_features,spotify:track:2hsEYpnAtMH7CbZJajUU5C,0.603,"['drill francais', 'french hip hop', 'pop urbaine', 'rap francais']"
